corp_code,corp_name,stock_code,rcept_no,rcept_dt,report_nm,market,subscription_start_dt,subscription_end_dt,listing_dt,offering_price_low,offering_price_high,offering_price_final,total_shares,total_amount,underwriter,status,updated_at
01565364,폴레드,,20260402100016,20260424,효력발생안내( 2026.4.2. 제출 증권신고서(지분증권) ),기타,,,,,,,,,,청약예정,2026-05-06 00:06:22
01700587,이노스페이스,462350,20260408100024,20260423,효력발생안내( 2026.4.8. 제출 증권신고서(지분증권) ),KOSDAQ,,,,,,,,,,청약예정,2026-05-06 00:06:22
00230814,휴림에이텍,078590,20260420100015,20260420,정정신고서제출요구( 2026.04.07. 제출 증권신고서(지분증권) ),KOSDAQ,,,,,,,,,,청약예정,2026-05-06 00:06:22
01802928,코스모로보틱스,,20260330100001,20260420,효력발생안내( 2026.3.27. 제출 증권신고서(지분증권) ),기타,,,,,,,,,,청약예정,2026-05-06 00:06:22
00142713,형지I&C,011080,20260416100001,20260416,정정신고서제출요구( 2026.04.02. 제출 증권신고서(지분증권) ),KOSDAQ,,,,,,,,,,청약예정,2026-05-06 00:06:22
01784914,클로봇,466100,20260415100029,20260415,정정신고서제출요구( 2026.04.03. 제출 증권신고서(지분증권) ),KOSDAQ,,,,,,,,,,청약예정,2026-05-06 00:06:22
00162461,한화솔루션,009830,20260409100042,20260409,정정신고서제출요구( 2026.03.26. 제출 증권신고서(지분증권) ),KOSPI,,,,,,,,,,청약예정,2026-05-06 00:06:22
00105040,뉴인텍,012340,20260409100012,20260409,정정신고서제출요구( 2026.03.27. 제출 증권신고서(지분증권) ),KOSDAQ,,,,,,,,,,청약예정,2026-05-06 00:06:22
00367695,에이전트AI,060900,20260409100013,20260409,정정신고서제출요구( 2026.03.26. 제출 증권신고서(지분증권) ),KOSDAQ,,,,,,,,,,청약예정,2026-05-06 00:06:22
01397620,루닛,328130,20260324100013,20260408,효력발생안내( 2026.3.24. 제출 증권신고서(지분증권) ),KOSDAQ,,,,,,,,,,청약예정,2026-05-06 00:06:22
01444380,에이텀,355690,20260320100016,20260406,효력발생안내( 2026.3.20. 제출 증권신고서(지분증권) ),KOSDAQ,,,,,,,,,,청약예정,2026-05-06 00:06:22
00139889,SKC,011790,20260318100025,20260402,효력발생안내( 2026.3.18. 제출 증권신고서(지분증권) ),KOSPI,,,,,,,,,,청약예정,2026-05-06 00:06:22
01203659,이뮨온시아,424870,20260319100001,20260402,효력발생안내( 2026.3.18. 제출 증권신고서(지분증권) ),KOSDAQ,,,,,,,,,,청약예정,2026-05-06 00:06:22
01203659,이뮨온시아,424870,20260224100015,20260224,정정신고서제출요구( 2026.02.09. 제출 증권신고서(지분증권) ),KOSDAQ,,,,,,,,,,청약예정,2026-05-06 00:06:22
01444380,에이텀,355690,20260106100027,20260106,정정신고서제출요구( 2025.12.23. 제출 증권신고서(지분증권) ),KOSDAQ,,,,,,,,,,청약예정,2026-05-06 00:06:22
01596920,알지노믹스,476830,20251028000447,20251028,[기재정정]증권신고서(지분증권),KOSDAQ,20251124,20251125,,17000,22500,,2060000,,삼성증권,상장예정,2026-05-06 00:06:22
01344831,딥노이드,315640,20251028000355,20251028,[발행조건확정]증권신고서(지분증권),KOSDAQ,20251208,20251209,,,,,,,,상장예정,2026-05-06 00:06:22
01958111,메리츠제1호스팩,0088D0,20251028000346,20251028,증권신고서(지분증권),KOSDAQ,20251204,20251205,,,,,5500000,,,상장예정,2026-05-06 00:06:22
01786958,큐리오시스,494120,20251028000207,20251028,[기재정정]증권신고서(지분증권),KOSDAQ,20251104,20251105,,18000,22000,,1200000,,,상장예정,2026-05-06 00:06:22
01671285,쿼드메디슨,464490,20251029000308,20251029,[기재정정]증권신고서(지분증권),KOSDAQ,20251125,20251126,,12000,15000,,1700000,,"NH투자증권, 계약 체결",상장예정,2026-05-06 00:06:22
00683283,LS전선,,20251029000297,20251029,증권신고서(지분증권),기타,,,,,,,,,,청약예정,2026-05-06 00:06:22
01596920,알지노믹스,476830,20251029000278,20251029,[기재정정]증권신고서(지분증권),KOSDAQ,20251124,20251125,,17000,22500,,2060000,,"삼성증권, NH투자증권",상장예정,2026-05-06 00:06:22
01494118,노을,376930,20251029000171,20251029,[발행조건확정]증권신고서(지분증권),KOSDAQ,20251204,20251205,,,,,,,,상장예정,2026-05-06 00:06:22
00677486,그린광학,0015G0,20251030000396,20251030,[기재정정]증권신고서(지분증권),KOSDAQ,20251106,20251107,,14000,16000,,2000000,,신영증권,상장예정,2026-05-06 00:06:22
01387164,샤페론,378800,20251030000370,20251030,[발행조건확정]증권신고서(지분증권),KOSDAQ,20251103,20251104,,,,,,,,상장예정,2026-05-06 00:06:22
00989664,코아스템켐온,166480,20251030000281,20251030,[발행조건확정]증권신고서(지분증권),KOSDAQ,20251103,20251104,,,,,,,,상장예정,2026-05-06 00:06:22
00441243,형지엘리트,093240,20251031000544,20251031,증권신고서(지분증권),KOSPI,20260122,20260123,,,,,,,한국투자증권(주),상장예정,2026-05-06 00:06:22
00949161,티엠씨,217590,20251031000540,20251031,[기재정정]증권신고서(지분증권),KOSPI,20251203,20251204,,8000,9300,,,,"미래에셋증권, 계약 체결",상장예정,2026-05-06 00:06:22
00677486,그린광학,0015G0,20251031000457,20251031,[기재정정]증권신고서(지분증권),KOSDAQ,20251106,20251107,,14000,16000,,2000000,,신영증권,상장예정,2026-05-06 00:06:22
01010615,세나테크놀로지,061090,20251031000250,20251031,[발행조건확정]증권신고서(지분증권),KOSDAQ,20251104,20251105,,47500,56800,56800,560000,,"케이비증권, 신한투자증권, KB증권, 및 발행회사가 협의하여, 및 발행회사가 협의하여 결정한 확정공모가액인",상장예정,2026-05-06 00:06:22
01776410,파워큐브세미,,20251031000229,20251031,[기재정정]증권신고서(지분증권),기타,,,,,,,,,,청약예정,2026-05-06 00:06:22
01370322,삼진식품,0013V0,20251103000252,20251103,[첨부추가]증권신고서(지분증권),KOSDAQ,20251201,20251202,,6700,7600,,2000000,,"대신증권, 및 발행회사가 협의하여 제시한 희망공모가액",상장예정,2026-05-06 00:06:22
01933981,비엔케이제3호스팩,0068Y0,20251103000310,20251103,[기재정정]증권신고서(지분증권),KOSDAQ,20251111,20251112,,,,2000,4000000,,"계약 기업실사 사전회의, 종합의견 작성 및 검토",상장예정,2026-05-06 00:06:22
01933981,비엔케이제3호스팩,0068Y0,20251103000305,20251103,[기재정정]증권신고서(지분증권),KOSDAQ,20251111,20251112,,,,2000,4000000,,"계약 기업실사 사전회의, 종합의견 작성 및 검토",상장예정,2026-05-06 00:06:22
00977377,에이비온,203400,20251103000267,20251103,[기재정정]증권신고서(지분증권),KOSDAQ,20251120,20251121,20251224,,,,,,"및 인수회사에 총 발행금액의, 및 인수회사가 인수하는 잔여주식 인수금액의, SK증권(주)",상장완료,2026-05-06 00:06:22
01284751,시지트로닉스,429270,20251103000210,20251103,[기재정정]증권신고서(지분증권),KOSDAQ,20251218,20251219,,,,,,,,상장예정,2026-05-06 00:06:22
01817920,페스카로,0015S0,20251103000190,20251103,[기재정정]증권신고서(지분증권),KOSDAQ,20251201,20251202,,12500,15500,,,,"계약 체결, NH투자증권",상장예정,2026-05-06 00:06:22
01786958,큐리오시스,494120,20251103000098,20251103,[발행조건확정]증권신고서(지분증권),KOSDAQ,20251104,20251105,,18000,22000,22000,1200000,,,상장예정,2026-05-06 00:06:22
01385005,리브스메드,491000,20251104000342,20251104,[기재정정]증권신고서(지분증권),KOSDAQ,20251201,20251202,,44000,55000,,,,"삼성증권, 미래에셋증권",상장예정,2026-05-06 00:06:22
01784677,키움히어로제1호스팩,466690,20251104000266,20251104,증권신고서(지분증권),KOSDAQ,20251201,20251202,,,,,4500000,,"키움증권, 계약 체결, 키움증권㈜에게 인수대가로",상장예정,2026-05-06 00:06:22
01949140,교보19호스팩,0098T0,20251104000243,20251104,증권신고서(지분증권),KOSDAQ,20251202,20251203,,,,,5000000,,교보증권(주),상장예정,2026-05-06 00:06:22
01211889,이지스,261520,20251104000240,20251104,[기재정정]증권신고서(지분증권),KOSDAQ,20251202,20251203,,13000,15000,,1500000,,"NH투자증권, 계약 체결",상장예정,2026-05-06 00:06:22
01776410,파워큐브세미,,20251105000313,20251105,[기재정정]증권신고서(지분증권),기타,,,,,,,,,,청약예정,2026-05-06 00:06:22
01138364,더핑크퐁컴퍼니,403850,20251105000307,20251105,[발행조건확정]증권신고서(지분증권),KOSDAQ,20251106,20251107,,32000,38000,38000,,,"미래에셋증권, 삼성증권",상장예정,2026-05-06 00:06:22
01194607,비츠로넥스텍,488900,20251105000279,20251105,[기재정정]증권신고서(지분증권),KOSDAQ,20251111,20251112,,5900,6900,,4400000,,"NH투자증권, NH투자증권㈜는 공모물량의, 교보증권",상장예정,2026-05-06 00:06:22
01344336,신테카바이오,226330,20251105000230,20251105,[발행조건확정]증권신고서(지분증권),KOSDAQ,,,,,,,,,,청약예정,2026-05-06 00:06:22
00807397,코이즈,121850,20251105000215,20251105,증권신고서(지분증권),KOSDAQ,20260107,20260108,,,,,,,,상장예정,2026-05-06 00:06:22
01954832,유진스팩12호,0105P0,20251105000171,20251105,증권신고서(지분증권),KOSDAQ,20251202,20251203,,,,,5000000,,"유진투자증권, 종합의견 작성 및 검토, 유진투자증권㈜에게 인수대가로",상장예정,2026-05-06 00:06:22
00946030,로보티즈,108490,20251105000073,20251105,[발행조건확정]증권신고서(지분증권),KOSDAQ,20251107,20251110,,,,,,,,상장예정,2026-05-06 00:06:22
00677486,그린광학,0015G0,20251105000064,20251105,[발행조건확정]증권신고서(지분증권),KOSDAQ,20251106,20251107,,14000,16000,16000,2000000,,신영증권,상장예정,2026-05-06 00:06:22
00683283,LS전선,,20251105000041,20251105,[기재정정]증권신고서(지분증권),기타,,,,,,,,,,청약예정,2026-05-06 00:06:22
01784914,클로봇,466100,20260504000440,20260504,[기재정정]증권신고서(지분증권),KOSDAQ,20260721,20260722,,,,,,,한국투자증권(주),청약예정,2026-05-06 00:06:22
01722066,빅웨이브로보틱스,,20260504000390,20260504,증권신고서(지분증권),기타,20260618,20260619,,22000,27000,,2000000,,"유진투자증권, 보유 신주인수권, 및 인수회사의 이해관계인",청약예정,2026-05-06 00:06:22
01709065,마키나락스,,20260504000342,20260504,[기재정정]증권신고서(지분증권),기타,20260511,20260512,,12500,15000,,,,"미래에셋증권, 및 발행회사가 협의하여 제시한 희망공모가액, 신주인수권 상장주선인 의무인수분, 계약 체결, 현대차증권, 및 인수회사의 이해관계인",청약예정,2026-05-06 00:06:22
01049422,썸에이지,208640,20260430001604,20260430,증권신고서(지분증권),KOSDAQ,20260803,20260804,,,,,,,SK증권(주),청약예정,2026-05-06 00:06:22
01409022,페니트리움바이오,187660,20260430001415,20260430,증권신고서(지분증권),KOSDAQ,20260714,20260715,,,,,,,유안타증권(주),청약예정,2026-05-06 00:06:22
01379129,매드업,,20260430001246,20260430,[기재정정]증권신고서(지분증권),기타,20260601,20260602,,7000,8000,,100,,"계약 체결, 미래에셋증권",청약예정,2026-05-06 00:06:22
01565364,폴레드,,20260430000407,20260430,[발행조건확정]증권신고서(지분증권),기타,20260504,20260506,,4100,5000,5000,2600000,,"NH투자증권, 및 발행회사가 협의하여 제시한 희망공모가액, 및 발행회사가 협의하여 결정한 확정공모가액",청약중,2026-05-06 00:06:22
01370517,스트라드비젼,,20260429000535,20260429,[기재정정]증권신고서(지분증권),기타,20260617,20260618,,12400,14800,,,,"계약 체결, KB증권",청약예정,2026-05-06 00:06:22
00230814,휴림에이텍,078590,20260427000751,20260427,[기재정정]증권신고서(지분증권),KOSDAQ,20260701,20260702,20260707,,,,,,"인수수수료 실권수수료 한솔테크닉스, SK증권(주)",청약예정,2026-05-06 00:06:22
00157399,한솔테크닉스,004710,20260427000748,20260427,[기재정정]증권신고서(지분증권),KOSPI,20260713,20260714,,,,,,,한국투자증권(주),청약예정,2026-05-06 00:06:22
00105040,뉴인텍,012340,20260427000491,20260427,[기재정정]증권신고서(지분증권),KOSDAQ,20230808,20230809,20260506,,,,,,SK증권(주),상장완료,2026-05-06 00:06:22
00139889,SKC,011790,20260427000469,20260427,[기재정정]증권신고서(지분증권),KOSPI,20260519,20260520,,,,,,,"한국투자증권, NH투자증권, 삼성증권, 신한투자증권, 케이비증권",청약예정,2026-05-06 00:06:22
01755259,피스피스스튜디오,,20260424000811,20260424,[기재정정]증권신고서(지분증권),기타,20260526,20260527,,19000,21500,,2272637,,"NH투자증권, 미래에셋증권, 및 발행회사가 협의하여 제시한 희망공모가액, 및 발행회사가 협의하여 제시한 희망공모가액인",청약예정,2026-05-06 00:06:22
01336461,뉴로메카,348340,20260424000658,20260424,증권신고서(지분증권),KOSDAQ,20260722,20260723,20260825,,,,,,"및 인수회사는 신주상장, 한국투자증권(주)",청약예정,2026-05-06 00:06:22
00920379,티엘비,356860,20260424000652,20260424,[기재정정]증권신고서(지분증권),KOSDAQ,20260706,20260707,20260807,,,,,,키움증권(주),청약예정,2026-05-06 00:06:22
00125725,디모아,016670,20260424000583,20260424,증권신고서(지분증권),KOSDAQ,20260706,20260707,,,,,,,"SK증권(주), 기 초 취 득 상 환 평가손익 기 말 비 고",청약예정,2026-05-06 00:06:22
01802928,코스모로보틱스,,20260424000527,20260424,[발행조건확정]증권신고서(지분증권),기타,20260427,20260428,,5300,6000,6000,4170000,,"유진투자증권, NH투자증권, 및 발행회사가 협의하여, 및 발행회사가 협의하여 제시한 희망공모가액, 및 발행회사가 협의하여 결정한 확정공모가액, 및 발행회사가 협의하여 제시한 희망공모가액인, 및 발행회사가 협의하여 결정한 확정공모가액인, 유안타증권",상장예정,2026-05-06 00:06:22
01976418,대신밸런스제20호기업인수목적,,20260423000718,20260423,[첨부정정]증권신고서(지분증권),기타,,,,,,,,,,청약예정,2026-05-06 00:06:22
00654175,피엠티,147760,20260423000300,20260423,[기재정정]증권신고서(지분증권),KOSDAQ,20260619,20260622,,,,,,,"및 인수회사는 신주상장, 케이비증권(주), 및 인수회사에 총 발행금액의, 및 인수회사가 인수하는 잔여주식 인수금액의",청약예정,2026-05-06 00:06:22
01370517,스트라드비젼,,20260423000256,20260423,[기재정정]증권신고서(지분증권),기타,20260617,20260618,,12400,14800,,,,"KB증권, 계약 체결",청약예정,2026-05-06 00:06:22
01700587,이노스페이스,462350,20260423000240,20260423,[발행조건확정]증권신고서(지분증권),KOSDAQ,20260604,20260605,,,,,,,,청약예정,2026-05-06 00:06:22
01976418,대신밸런스제20호기업인수목적,,20260408003037,20260408,[첨부추가]증권신고서(지분증권),기타,20260512,20260513,,,,,6500000,,대신증권,청약예정,2026-05-06 00:06:22
01976418,대신밸런스제20호기업인수목적,,20260422000639,20260422,[기재정정]증권신고서(지분증권),기타,20260522,20260526,,,,,6500000,,대신증권,청약예정,2026-05-06 00:06:22
00109310,대동기어,008830,20260422000627,20260422,증권신고서(지분증권),KOSDAQ,20260723,20260724,,,,,,,한국투자증권(주),청약예정,2026-05-06 00:06:22
01343665,RF머트리얼즈,327260,20260422000591,20260422,[기재정정]증권신고서(지분증권),KOSDAQ,20260623,20260624,20260709,,,,,,"및 인수회사가 인수의무비율, 교보증권(주), 및 인수회사에 인수수수료(모집총액의, 및 인수회사가 인수하는 잔여주식 인수금액의, NH투자증권(주), 유진투자증권(주)",청약예정,2026-05-06 00:06:22
01593668,센서뷰,321370,20260422000437,20260422,증권신고서(지분증권),KOSDAQ,20260713,20260714,,,,,,,"및 인수회사에 총 발행금액의, 및 인수회사가 인수하는 잔여주식 인수금액의",청약예정,2026-05-06 00:06:22
00367695,에이전트AI,060900,20260421000317,20260421,[기재정정]증권신고서(지분증권),KOSDAQ,20260618,20260619,,,,,,,,청약예정,2026-05-06 00:06:22
00142713,형지I&C,011080,20260421000312,20260421,[기재정정]증권신고서(지분증권),KOSDAQ,20260618,20260619,,,,,,,SK증권(주),청약예정,2026-05-06 00:06:22
01397620,루닛,328130,20260420000278,20260420,[발행조건확정]증권신고서(지분증권),KOSDAQ,20260422,20260423,,,,,,,,상장예정,2026-05-06 00:06:22
01444380,에이텀,355690,20260420000236,20260420,[발행조건확정]증권신고서(지분증권),KOSDAQ,20260422,20260423,,,,,,,,상장예정,2026-05-06 00:06:22
00106313,금호건설,002990,20260420000038,20260420,[발행조건확정]증권신고서(지분증권),KOSPI,,,,,,,,,,청약예정,2026-05-06 00:06:22
01784914,클로봇,466100,20260417000705,20260417,[기재정정]증권신고서(지분증권),KOSDAQ,20260721,20260722,,,,,,,한국투자증권(주),청약예정,2026-05-06 00:06:22
01279698,채비,0011T0,20260417000590,20260417,[첨부정정]증권신고서(지분증권),KOSDAQ,,,,,,,,,,청약예정,2026-05-06 00:06:22
01424261,레몬헬스케어,,20260417000560,20260417,증권신고서(지분증권),기타,20260601,20260602,,7500,10000,,2000000,,"KB증권, 및 발행회사가 협의하여 제시한 희망공모가액, 케이비증권, 계약 체결",청약예정,2026-05-06 00:06:22
00162461,한화솔루션,009830,20260417000538,20260417,[정정제출요구][기재정정]증권신고서(지분증권),KOSPI,20260622,20260623,,,,,,,"케이비증권(주), NH투자증권(주), 한국투자증권(주), 대신증권(주)",청약예정,2026-05-06 00:06:22
01279698,채비,0011T0,20260417000495,20260417,[발행조건확정]증권신고서(지분증권),KOSDAQ,20260420,20260421,,12300,15300,12300,10000000,,"KB증권, 삼성증권, 및 공동주관회사가 협의하여 결정한 확정공모가액인, 및 공동주관회사와 발행회사가 협의하여, 및 공동주관회사가 협의하여 결정한 확정공모가액, 및 공동주관회사는 상기와 같이",상장예정,2026-05-06 00:06:22
01963140,신한제18호스팩,0129K0,20260417000082,20260417,[발행조건확정]증권신고서(지분증권),KOSDAQ,20260420,20260421,,,,2000,5000000,,신한투자증권,상장예정,2026-05-06 00:06:22
01700587,이노스페이스,462350,20260416000487,20260416,[기재정정]증권신고서(지분증권),KOSDAQ,20260604,20260605,,,,,,,키움증권(주),청약예정,2026-05-06 00:06:22
00577593,져스텍,,20260416000318,20260416,증권신고서(지분증권),기타,20260529,20260601,,10500,12500,,1600000,,"삼성증권, 신주인수권 (공모주식의, 계약 체결",청약예정,2026-05-06 00:06:22
01359815,한울반도체,320000,20260415000495,20260415,[정정제출요구]증권신고서(지분증권),KOSDAQ,20260709,20260710,,,,,,,"및 인수회사의 실권주 매입단가는 일반청약자들보다, SK증권(주)",청약예정,2026-05-06 00:06:22
00105040,뉴인텍,012340,20260414001874,20260414,[기재정정]증권신고서(지분증권),KOSDAQ,20230808,20230809,20260506,,,,,,SK증권(주),상장완료,2026-05-06 00:06:22
01379129,매드업,,20260413002759,20260413,증권신고서(지분증권),기타,20260601,20260602,,7000,8000,,2000000,,"미래에셋증권, 계약 체결",청약예정,2026-05-06 00:06:22
01565364,폴레드,,20260413001806,20260413,[기재정정]증권신고서(지분증권),기타,20260504,20260506,,4100,5000,,2600000,,"NH투자증권, 및 발행회사가 협의하여 제시한 희망공모가액",청약중,2026-05-06 00:06:22
01964246,키움히어로제2호스팩,0131D0,20260413001535,20260413,[발행조건확정]증권신고서(지분증권),KOSDAQ,20260414,20260415,,,,2000,6000000,,,상장예정,2026-05-06 00:06:22
00157399,한솔테크닉스,004710,20260413000430,20260413,증권신고서(지분증권),KOSPI,20260713,20260714,,,,,,,한국투자증권(주),청약예정,2026-05-06 00:06:22
01709065,마키나락스,,20260410003321,20260410,[기재정정]증권신고서(지분증권),기타,20260511,20260512,,12500,15000,,,,"신주인수권 상장주선인 의무인수분, 미래에셋증권, 및 발행회사가 협의하여 제시한 희망공모가액, 계약 체결, 현대차증권, 및 인수회사의 이해관계인",청약예정,2026-05-06 00:06:22
00920379,티엘비,356860,20260410003142,20260410,증권신고서(지분증권),KOSDAQ,20260706,20260707,20260807,,,,,,키움증권(주),청약예정,2026-05-06 00:06:22
00654175,피엠티,147760,20260409003040,20260409,증권신고서(지분증권),KOSDAQ,20260619,20260622,,,,,,,"및 인수회사는 신주상장, 케이비증권(주), 및 인수회사에 총 발행금액의, 및 인수회사가 인수하는 잔여주식 인수금액의",청약예정,2026-05-06 00:06:22
01370517,스트라드비젼,,20260409002935,20260409,증권신고서(지분증권),기타,20260511,20260512,,12400,14800,,,,"KB증권, 계약 체결",청약예정,2026-05-06 00:06:22
01700587,이노스페이스,462350,20260408003262,20260408,[기재정정]증권신고서(지분증권),KOSDAQ,20260604,20260605,,,,,,,키움증권(주),청약예정,2026-05-06 00:06:22
01343665,RF머트리얼즈,327260,20260408003260,20260408,증권신고서(지분증권),KOSDAQ,20260623,20260624,20260709,,,,,,"및 인수회사가 인수의무비율, 교보증권(주), 및 인수회사에 인수수수료(모집총액의, 및 인수회사가 인수하는 잔여주식 인수금액의, NH투자증권(주), 유진투자증권(주)",청약예정,2026-05-06 00:06:22
00106313,금호건설,002990,20260408002360,20260408,증권신고서(지분증권),KOSPI,,,20220510,,,,,,,상장완료,2026-05-06 00:06:22
00230814,휴림에이텍,078590,20260407003566,20260407,[정정제출요구]증권신고서(지분증권),KOSDAQ,20260617,20260618,20260707,,,,,,SK증권(주),청약예정,2026-05-06 00:06:22
01755259,피스피스스튜디오,,20260407003401,20260407,증권신고서(지분증권),기타,20260520,20260521,,19000,21500,,2272637,,"NH투자증권, 미래에셋증권, 및 발행회사가 협의하여 제시한 희망공모가액, 및 발행회사가 협의하여 제시한 희망공모가액인",청약예정,2026-05-06 00:06:22
01397620,루닛,328130,20260407002597,20260407,[기재정정]증권신고서(지분증권),KOSDAQ,20260427,20260428,20260526,,,,,,한국투자증권(주),상장예정,2026-05-06 00:06:22
01161432,레이저옵텍,199550,20260406002062,20260406,[발행조건확정]증권신고서(지분증권),KOSDAQ,20260408,20260409,,,,,,,,상장예정,2026-05-06 00:06:22
00330044,캠시스,050110,20260406001873,20260406,[발행조건확정]증권신고서(지분증권),KOSDAQ,,,20260227,,,,,,,상장완료,2026-05-06 00:06:22
00139889,SKC,011790,20260403003618,20260403,[발행조건확정]증권신고서(지분증권),KOSPI,20260519,20260520,,,,,,,,청약예정,2026-05-06 00:06:22
00139889,SKC,011790,20260403003588,20260403,[기재정정]증권신고서(지분증권),KOSPI,20260519,20260520,,,,,,,"한국투자증권, NH투자증권, 삼성증권, 신한투자증권, 케이비증권",청약예정,2026-05-06 00:06:22
01784914,클로봇,466100,20260403003085,20260403,[정정제출요구]증권신고서(지분증권),KOSDAQ,20260721,20260722,,,,,,,한국투자증권(주),청약예정,2026-05-06 00:06:22
01565364,폴레드,,20260402003261,20260402,증권신고서(지분증권),기타,20260504,20260506,,4100,5000,,2600000,,"NH투자증권, 및 발행회사가 협의하여 제시한 희망공모가액",청약중,2026-05-06 00:06:22
01397620,루닛,328130,20260402003257,20260402,[첨부정정]증권신고서(지분증권),KOSDAQ,,,,,,,,,,청약예정,2026-05-06 00:06:22
01203659,이뮨온시아,424870,20260402003241,20260402,[발행조건확정]증권신고서(지분증권),KOSDAQ,20260518,20260519,,,,,,,,청약예정,2026-05-06 00:06:22
00142713,형지I&C,011080,20260402002912,20260402,[정정제출요구]증권신고서(지분증권),KOSDAQ,20260615,20260616,,,,,,,SK증권(주),청약예정,2026-05-06 00:06:22
00330044,캠시스,050110,20260402000768,20260402,[첨부정정]증권신고서(지분증권),KOSDAQ,,,,,,,,,,청약예정,2026-05-06 00:06:22
01963140,신한제18호스팩,0129K0,20260331004566,20260331,[기재정정]증권신고서(지분증권),KOSDAQ,20260420,20260421,,,,,5000000,,신한투자증권,상장예정,2026-05-06 00:06:22
01802928,코스모로보틱스,,20260327001784,20260327,[첨부정정]증권신고서(지분증권),기타,,,,,,,,,,청약예정,2026-05-06 00:06:22
01802928,코스모로보틱스,,20260327001479,20260327,[기재정정]증권신고서(지분증권),기타,20260427,20260428,,5300,6000,,4170000,,"유진투자증권, NH투자증권, 및 발행회사가 협의하여 제시한 희망공모가액, 취득 합계, 계약 체결, 및 발행회사가 협의하여 제시한 희망공모가액인, 유안타증권, 및 인수회사의 이해관계인",상장예정,2026-05-06 00:06:22
00105040,뉴인텍,012340,20260327001335,20260327,[정정제출요구]증권신고서(지분증권),KOSDAQ,20230808,20230809,20260506,,,,,,SK증권(주),상장완료,2026-05-06 00:06:22
00367695,에이전트AI,060900,20260326001167,20260326,[정정제출요구]증권신고서(지분증권),KOSDAQ,20260618,20260619,,,,,,,,청약예정,2026-05-06 00:06:22
00162461,한화솔루션,009830,20260326000932,20260326,[정정제출요구]증권신고서(지분증권),KOSPI,20260622,20260623,,,,,,,"케이비증권(주), NH투자증권(주), 한국투자증권(주), 대신증권(주)",청약예정,2026-05-06 00:06:22
01279698,채비,0011T0,20260325001442,20260325,[기재정정]증권신고서(지분증권),KOSDAQ,20260420,20260421,,12300,15300,,100,,"및 공동주관회사는 상기와 같이, KB증권, 삼성증권, 계약 체결, 변경계약 체결",상장예정,2026-05-06 00:06:22
01279698,채비,0011T0,20260325001432,20260325,[기재정정]증권신고서(지분증권),KOSDAQ,20260420,20260421,,12300,15300,,100,,"및 공동주관회사는 상기와 같이, KB증권, 삼성증권, 계약 체결, 변경계약 체결",상장예정,2026-05-06 00:06:22
01700587,이노스페이스,462350,20260325001178,20260325,증권신고서(지분증권),KOSDAQ,20260604,20260605,,,,,,,키움증권(주),청약예정,2026-05-06 00:06:22
01709065,마키나락스,,20260325001168,20260325,증권신고서(지분증권),기타,20260511,20260512,,12500,15000,,,,"미래에셋증권, 및 발행회사가 협의하여 제시한 희망공모가액, 신주인수권 상장주선인 의무인수분, 계약 체결, 현대차증권, 및 인수회사의 이해관계인",청약예정,2026-05-06 00:06:22
01397620,루닛,328130,20260324000772,20260324,[기재정정]증권신고서(지분증권),KOSDAQ,20260427,20260428,20260526,,,,,,한국투자증권(주),상장예정,2026-05-06 00:06:22
01963140,신한제18호스팩,0129K0,20260323000649,20260323,증권신고서(지분증권),KOSDAQ,20260420,20260421,,,,,5000000,,신한투자증권,상장예정,2026-05-06 00:06:22
01444380,에이텀,355690,20260323000124,20260323,[첨부정정]증권신고서(지분증권),KOSDAQ,,,,,,,,,,청약예정,2026-05-06 00:06:22
01444380,에이텀,355690,20260320001357,20260320,[기재정정]증권신고서(지분증권),KOSDAQ,20231121,20231122,,,,,,,SK증권(주),상장예정,2026-05-06 00:06:22
01279698,채비,0011T0,20260320001073,20260320,[기재정정]증권신고서(지분증권),KOSDAQ,20260420,20260421,,12300,15300,,100,,"KB증권, 삼성증권, 계약 체결, 변경계약 체결, 및 공동주관회사는 상기와 같이",상장예정,2026-05-06 00:06:22
00330044,캠시스,050110,20260320001044,20260320,[기재정정]증권신고서(지분증권),KOSDAQ,20260408,20260409,,,,,,,유진투자증권,상장예정,2026-05-06 00:06:22
01161432,레이저옵텍,199550,20260320000841,20260320,[기재정정]증권신고서(지분증권),KOSDAQ,20260408,20260409,20260428,,,,,,SK증권(주),상장완료,2026-05-06 00:06:22
01802928,코스모로보틱스,,20260319000989,20260319,[기재정정]증권신고서(지분증권),기타,20260409,20260410,,5300,6000,,4170000,,"유진투자증권, NH투자증권, 및 발행회사가 협의하여 제시한 희망공모가액, 및 발행회사가 협의하여 제시한 희망공모가액인, 취득 합계, 계약 체결, 유안타증권, 및 인수회사의 이해관계인",상장예정,2026-05-06 00:06:22
01985203,교보20호스팩,0132G0,20260319000747,20260319,[발행조건확정]증권신고서(지분증권),KOSDAQ,20260323,20260324,,,,2000,5400000,,교보증권(주),상장예정,2026-05-06 00:06:22
01869710,인벤테라,0007J0,20260319000436,20260319,[발행조건확정]증권신고서(지분증권),KOSDAQ,20260323,20260324,,12100,16600,16600,1180000,,"NH투자증권, 및 공동주관회사와 발행회사가 협의하여, 및 공동주관회사가 협의하여, 및 공동주관회사가 합의하여",상장예정,2026-05-06 00:06:22
00139889,SKC,011790,20260318001502,20260318,[기재정정]증권신고서(지분증권),KOSPI,20260519,20260520,,,,,,,"한국투자증권, NH투자증권, 삼성증권, 신한투자증권, 케이비증권",청약예정,2026-05-06 00:06:22
01964246,키움히어로제2호스팩,0131D0,20260318001252,20260318,[기재정정]증권신고서(지분증권),KOSDAQ,20260414,20260415,,,,,6000000,,"계약 체결, 키움증권",상장예정,2026-05-06 00:06:22
01203659,이뮨온시아,424870,20260318001009,20260318,[기재정정]증권신고서(지분증권),KOSDAQ,20260518,20260519,20260608,,,,9414697,,한국투자증권(주),청약예정,2026-05-06 00:06:22
01963520,신한제17호스팩,0130D0,20260318000197,20260318,[발행조건확정]증권신고서(지분증권),KOSDAQ,20260319,20260320,,,,2000,5000000,,"신한투자증권, 신한투자증권㈜에게 인수대가로",상장예정,2026-05-06 00:06:22
01685677,리센스메디컬,394420,20260318000036,20260318,[발행조건확정]증권신고서(지분증권),KOSDAQ,20260319,20260320,,9000,11000,11000,1400000,,"한국투자증권, KB증권, 및 발행회사가 협의하여 제시한 희망공모가액, 및 발행회사가 협의하여 제시한 희망공모가액인",상장예정,2026-05-06 00:06:22
01279698,채비,0011T0,20260317000651,20260317,[기재정정]증권신고서(지분증권),KOSDAQ,20260401,20260402,,12300,15300,,100,,"KB증권, 삼성증권, 및 공동주관회사는 상기와 같이, 계약 체결, 변경계약 체결",상장예정,2026-05-06 00:06:22
01397620,루닛,328130,20260317000200,20260317,[발행조건확정]증권신고서(지분증권),KOSDAQ,20260422,20260423,,,,,,,,상장예정,2026-05-06 00:06:22
01397620,루닛,328130,20260316001676,20260316,[기재정정]증권신고서(지분증권),KOSDAQ,20260422,20260423,20260526,,,,,,한국투자증권(주),상장예정,2026-05-06 00:06:22
01965698,엔에이치스팩33호,0130H0,20260316000194,20260316,[발행조건확정]증권신고서(지분증권),KOSDAQ,20260317,20260318,,,,2000,6350000,,NH투자증권㈜에게 인수대가로,상장예정,2026-05-06 00:06:22
01445024,한패스,408470,20260313000882,20260313,[발행조건확정]증권신고서(지분증권),KOSDAQ,20260316,20260317,,17000,19000,19000,,,"한국투자증권, 및 공동주관회사와 발행회사가 협의하여",상장예정,2026-05-06 00:06:22
01444380,에이텀,355690,20260313000723,20260313,[발행조건확정]증권신고서(지분증권),KOSDAQ,20260422,20260423,,,,,,,,상장예정,2026-05-06 00:06:22
01780608,메쥬,0088M0,20260313000313,20260313,[발행조건확정]증권신고서(지분증권),KOSDAQ,20260316,20260317,,16700,21600,21600,1345000,,"신한투자증권, 및 발행회사가 협의하여 제시한 희망공모가액인, 및 발행회사가 협의하여 결정한 확정공모가액인",상장예정,2026-05-06 00:06:22
00139889,SKC,011790,20260312001052,20260312,[기재정정]증권신고서(지분증권),KOSPI,20260519,20260520,,,,,,,"한국투자증권, NH투자증권, 삼성증권, 신한투자증권, 케이비증권",청약예정,2026-05-06 00:06:22
00160375,진양폴리우레탄,010640,20260312000278,20260312,[발행조건확정]증권신고서(지분증권),KOSPI,20260316,20260317,,,,,,,,상장예정,2026-05-06 00:06:22
01802928,코스모로보틱스,,20260310002977,20260310,[기재정정]증권신고서(지분증권),기타,20260409,20260410,,5300,6000,,4170000,,"유진투자증권, NH투자증권, 및 발행회사가 협의하여 제시한 희망공모가액, 및 발행회사가 협의하여 제시한 희망공모가액인, 취득 합계, 계약 체결, 유안타증권, 및 인수회사의 이해관계인",상장예정,2026-05-06 00:06:22
01963520,신한제17호스팩,0130D0,20260310002814,20260310,[기재정정]증권신고서(지분증권),KOSDAQ,20260319,20260320,,,,,5000000,,"계약 체결, 신한투자증권, 신한투자증권㈜에게 인수대가로",상장예정,2026-05-06 00:06:22
01964246,키움히어로제2호스팩,0131D0,20260310002454,20260310,증권신고서(지분증권),KOSDAQ,20260406,20260407,,,,,6000000,,"키움증권, 계약 체결",상장예정,2026-05-06 00:06:22
01859500,아이엠바이오로직스,493280,20260310002450,20260310,[발행조건확정]증권신고서(지분증권),KOSDAQ,20260311,20260312,,19000,26000,26000,2000000,,"한국투자증권, 및 공동주관회사와 발행회사가 협의하여, 및 공동주관회사가 발행회사와 협의하여 최종",상장예정,2026-05-06 00:06:22
01685677,리센스메디컬,394420,20260310002346,20260310,[기재정정]증권신고서(지분증권),KOSDAQ,20260319,20260320,,9000,11000,,1400000,,"한국투자증권, KB증권, 및 발행회사가 협의하여 제시한 희망공모가액, 및 발행회사가 협의하여 제시한 희망공모가액인, 계약 체결",상장예정,2026-05-06 00:06:22
00403766,한국첨단소재,062970,20260309001553,20260309,[발행조건확정]증권신고서(지분증권),KOSDAQ,20260311,20260312,,,,,,,,상장예정,2026-05-06 00:06:22
00671376,트리니티항공,091810,20260309001073,20260309,[발행조건확정]증권신고서(지분증권),KOSPI,20260316,20260317,,,,,,,,상장예정,2026-05-06 00:06:22
01965698,엔에이치스팩33호,0130H0,20260306000541,20260306,[기재정정]증권신고서(지분증권),KOSDAQ,20260317,20260318,,,,,6350000,,"NH투자증권, NH투자증권㈜에게 인수대가로",상장예정,2026-05-06 00:06:22
01780608,메쥬,0088M0,20260305001249,20260305,[기재정정]증권신고서(지분증권),KOSDAQ,20260316,20260317,,16700,21600,,1345000,,"계약 체결, 신한투자증권, 및 발행회사가 협의하여 제시한 희망공모가액인",상장예정,2026-05-06 00:06:22
01203659,이뮨온시아,424870,20260304001633,20260304,[기재정정]증권신고서(지분증권),KOSDAQ,20260518,20260519,,,,,,,한국투자증권(주),청약예정,2026-05-06 00:06:22
01279698,채비,0011T0,20260304001474,20260304,증권신고서(지분증권),KOSDAQ,20260401,20260402,,12300,15300,,100,,"KB증권, 삼성증권, 및 공동주관회사는 상기와 같이, 계약 체결, 변경계약 체결",상장예정,2026-05-06 00:06:22
01782183,카나프테라퓨틱스,0082N0,20260304001111,20260304,[발행조건확정]증권신고서(지분증권),KOSDAQ,20260305,20260306,,16000,20000,20000,2000000,,"한국투자증권, 및 발행회사가 협의하여 제시한 희망공모가액, 및 발행회사가 협의하여 결정한 확정공모가액",상장예정,2026-05-06 00:06:22
01397620,루닛,328130,20260227007705,20260227,[기재정정]증권신고서(지분증권),KOSDAQ,20260422,20260423,20260526,,,,,,한국투자증권(주),상장예정,2026-05-06 00:06:22
00646732,진양홀딩스,100250,20260227006460,20260227,[발행조건확정]증권신고서(지분증권),KOSPI,,,,,,,,,,청약예정,2026-05-06 00:06:22
00585538,에스에너지,095910,20260227004753,20260227,[발행조건확정]증권신고서(지분증권),KOSDAQ,20260304,20260305,,,,,,,,상장예정,2026-05-06 00:06:22
00139889,SKC,011790,20260226005842,20260226,증권신고서(지분증권),KOSPI,20260519,20260520,,,,,,,"한국투자증권, NH투자증권, 삼성증권, 신한투자증권, 케이비증권",청약예정,2026-05-06 00:06:22
01859500,아이엠바이오로직스,493280,20260226005770,20260226,[기재정정]증권신고서(지분증권),KOSDAQ,20260311,20260312,,19000,26000,,2000000,,"한국투자증권, 및 인수회사의 이해관계인",상장예정,2026-05-06 00:06:22
01444380,에이텀,355690,20260225004160,20260225,[기재정정]증권신고서(지분증권),KOSDAQ,20231121,20231122,,,,,,,SK증권(주),상장예정,2026-05-06 00:06:22
00113261,대한광통신,010170,20260223002571,20260223,[발행조건확정]증권신고서(지분증권),KOSDAQ,20260225,20260226,,,,,,,,상장예정,2026-05-06 00:06:22
01782183,카나프테라퓨틱스,0082N0,20260223000875,20260223,[기재정정]증권신고서(지분증권),KOSDAQ,20260305,20260306,,16000,20000,,2000000,,"한국투자증권, 및 발행회사가 협의하여 제시한 희망공모가액, 계약 체결, 및 인수회사의 이해관계인",상장예정,2026-05-06 00:06:22
01379563,에스팀,458350,20260220002549,20260220,[첨부정정]증권신고서(지분증권),KOSDAQ,,,,,,,,,,청약예정,2026-05-06 00:06:22
01379563,에스팀,458350,20260220001649,20260220,[발행조건확정]증권신고서(지분증권),KOSDAQ,20260223,20260224,,7000,8500,8500,1800000,,"한국투자증권, 및 발행회사가 협의하여 제시한 희망공모가액, 및 발행회사가 협의하여 결정한 확정공모가액",상장예정,2026-05-06 00:06:22
01379563,에스팀,458350,20260220001507,20260220,[발행조건확정]증권신고서(지분증권),KOSDAQ,20260223,20260224,,7000,8500,8500,1800000,,"한국투자증권, 및 발행회사가 협의하여 제시한 희망공모가액, 및 발행회사가 협의하여 결정한 확정공모가액",상장예정,2026-05-06 00:06:22
01379563,에스팀,458350,20260220001360,20260220,[발행조건확정]증권신고서(지분증권),KOSDAQ,20260223,20260224,,7000,8500,8500,1800000,,"한국투자증권, 및 발행회사가 협의하여 제시한 희망공모가액, 및 발행회사가 협의하여 결정한 확정공모가액",상장예정,2026-05-06 00:06:22
01445024,한패스,408470,20260219002744,20260219,[기재정정]증권신고서(지분증권),KOSDAQ,20260316,20260317,,17000,19000,,,,"한국투자증권, 및 인수회사의 이해관계인",상장예정,2026-05-06 00:06:22
00533191,비보존 제약,082800,20260219002668,20260219,[발행조건확정]증권신고서(지분증권),KOSDAQ,20260223,20260224,,,,,,,,상장예정,2026-05-06 00:06:22
01554508,액스비스,0011A0,20260219002041,20260219,[발행조건확정]증권신고서(지분증권),KOSDAQ,20260223,20260224,,10100,11500,11500,2300000,,"미래에셋증권, 및 발행회사인 ㈜액스비스이 제시한 희망공모가액, 및 발행회사가 협의하여 제시한 희망공모가액, 및 발행회사가 협의하여 결정한 확정공모가액인, 및 발행회사가 협의하여",상장예정,2026-05-06 00:06:22
01444380,에이텀,355690,20260213002580,20260213,[기재정정]증권신고서(지분증권),KOSDAQ,20231121,20231122,,,,,,,SK증권(주),상장예정,2026-05-06 00:06:22
01397620,루닛,328130,20260213002330,20260213,[기재정정]증권신고서(지분증권),KOSDAQ,20260413,20260414,20260514,,,,,,한국투자증권(주),상장예정,2026-05-06 00:06:22
01869710,인벤테라,0007J0,20260213001742,20260213,[기재정정]증권신고서(지분증권),KOSDAQ,20260323,20260324,,12100,16600,,1180000,,"NH투자증권, 계약 체결, 및 인수회사의 이해관계인",상장예정,2026-05-06 00:06:22
01963520,신한제17호스팩,0130D0,20260213001450,20260213,증권신고서(지분증권),KOSDAQ,20260319,20260320,,,,,5000000,,"신한투자증권, 계약 체결, 신한투자증권㈜에게 인수대가로",상장예정,2026-05-06 00:06:22
01203312,케이뱅크,279570,20260212001569,20260212,[발행조건확정]증권신고서(지분증권),KOSPI,20260220,20260223,,8300,9500,8300,,,"NH투자증권, 삼성증권, 신한투자증권",상장예정,2026-05-06 00:06:22
01780608,메쥬,0088M0,20260212001517,20260212,[기재정정]증권신고서(지분증권),KOSDAQ,20260316,20260317,,16700,21600,,1345000,,"계약 체결, 신한투자증권, 및 발행회사가 협의하여 제시한 희망공모가액인",상장예정,2026-05-06 00:06:22
01985203,교보20호스팩,0132G0,20260212001464,20260212,증권신고서(지분증권),KOSDAQ,20260323,20260324,,,,,5400000,,"교보증권(주), 종합의견 작성 및 검토, 선정의 건 가결 출석",상장예정,2026-05-06 00:06:22
01782183,카나프테라퓨틱스,0082N0,20260212000323,20260212,[기재정정]증권신고서(지분증권),KOSDAQ,20260305,20260306,,16000,20000,,2000000,,"한국투자증권, 및 발행회사가 협의하여 제시한 희망공모가액, 계약 체결, 및 인수회사의 이해관계인",상장예정,2026-05-06 00:06:22
01802928,코스모로보틱스,,20260211001077,20260211,증권신고서(지분증권),기타,20260318,20260319,,5300,6000,,4170000,,"유진투자증권, NH투자증권, 및 발행회사가 협의하여 제시한 희망공모가액, 및 발행회사가 협의하여 제시한 희망공모가액인, 취득 합계, 계약 체결, 유안타증권, 및 인수회사의 이해관계인",상장예정,2026-05-06 00:06:22
01965698,엔에이치스팩33호,0130H0,20260211001014,20260211,[기재정정]증권신고서(지분증권),KOSDAQ,20260317,20260318,,,,,6350000,,"NH투자증권, NH투자증권㈜에게 인수대가로",상장예정,2026-05-06 00:06:22
01965698,엔에이치스팩33호,0130H0,20260211000823,20260211,증권신고서(지분증권),KOSDAQ,20260223,20260224,,,,,6350000,,"NH투자증권, NH투자증권㈜에게 인수대가로",상장예정,2026-05-06 00:06:22
00330044,캠시스,050110,20260211000596,20260211,[발행조건확정]증권신고서(지분증권),KOSDAQ,20260408,20260409,,,,,,,,상장예정,2026-05-06 00:06:22
01685677,리센스메디컬,394420,20260210000540,20260210,[기재정정]증권신고서(지분증권),KOSDAQ,20260319,20260320,,9000,11000,,1400000,,"한국투자증권, KB증권, 및 발행회사가 협의하여 제시한 희망공모가액, 계약 체결, 및 발행회사가 협의하여 제시한 희망공모가액인",상장예정,2026-05-06 00:06:22
01251489,라온피플,300120,20260210000506,20260210,[발행조건확정]증권신고서(지분증권),KOSDAQ,20260212,20260213,,,,,,,,상장예정,2026-05-06 00:06:22
01780608,메쥬,0088M0,20260209000612,20260209,[기재정정]증권신고서(지분증권),KOSDAQ,20260316,20260317,,16700,21600,,1345000,,"신한투자증권, 계약 체결, 및 발행회사가 협의하여 제시한 희망공모가액인",상장예정,2026-05-06 00:06:22
01203659,이뮨온시아,424870,20260209000337,20260209,[정정제출요구]증권신고서(지분증권),KOSDAQ,20260427,20260428,,,,,,,한국투자증권(주),상장예정,2026-05-06 00:06:22
01161432,레이저옵텍,199550,20260209000211,20260209,[발행조건확정]증권신고서(지분증권),KOSDAQ,20260408,20260409,,,,,,,,상장예정,2026-05-06 00:06:22
01859500,아이엠바이오로직스,493280,20260205000451,20260205,[기재정정]증권신고서(지분증권),KOSDAQ,20260311,20260312,,19000,26000,,2000000,,"한국투자증권, 및 인수회사의 이해관계인",상장예정,2026-05-06 00:06:22
01379563,에스팀,458350,20260204000598,20260204,[기재정정]증권신고서(지분증권),KOSDAQ,20260223,20260224,,7000,8500,,1800000,,"한국투자증권, 및 발행회사가 협의하여 제시한 희망공모가액, 계약 체결일, 및 인수회사의 이해관계인",상장예정,2026-05-06 00:06:22
00545734,아미코젠,092040,20260204000174,20260204,[발행조건확정]증권신고서(지분증권),KOSDAQ,,,,,,,,,,청약예정,2026-05-06 00:06:22
01554508,액스비스,0011A0,20260204000082,20260204,[기재정정]증권신고서(지분증권),KOSDAQ,20260223,20260224,,10100,11500,,2300000,,"미래에셋증권, 및 발행회사인 ㈜액스비스이 제시한 희망공모가액, 및 발행회사가 협의하여 제시한 희망공모가액",상장예정,2026-05-06 00:06:22
01782183,카나프테라퓨틱스,0082N0,20260202001085,20260202,[기재정정]증권신고서(지분증권),KOSDAQ,20260305,20260306,,16000,20000,,2000000,,"한국투자증권, 및 발행회사가 협의하여 제시한 희망공모가액, 계약 체결, 및 인수회사의 이해관계인",상장예정,2026-05-06 00:06:22
01445024,한패스,408470,20260202000606,20260202,증권신고서(지분증권),KOSDAQ,20260316,20260317,,17000,19000,,,,"한국투자증권, 및 인수회사의 이해관계인",상장예정,2026-05-06 00:06:22
01444380,에이텀,355690,20260130000725,20260130,[기재정정]증권신고서(지분증권),KOSDAQ,20231121,20231122,,,,,,,SK증권(주),상장예정,2026-05-06 00:06:22
01869710,인벤테라,0007J0,20260130000647,20260130,증권신고서(지분증권),KOSDAQ,20260316,20260317,,12100,16600,,1180000,,"NH투자증권, 계약 체결, 및 인수회사의 이해관계인",상장예정,2026-05-06 00:06:22
01397620,루닛,328130,20260130000629,20260130,증권신고서(지분증권),KOSDAQ,20260413,20260414,20260514,,,,,,한국투자증권(주),상장예정,2026-05-06 00:06:22
00409371,인베니아,079950,20260130000604,20260130,[발행조건확정]증권신고서(지분증권),KOSDAQ,,,,,,,,,,청약예정,2026-05-06 00:06:22
00671376,트리니티항공,091810,20260130000463,20260130,[기재정정]증권신고서(지분증권),KOSPI,20260316,20260317,,,,,,,"디비증권 주식회사, 대신증권(주), 미래에셋증권(주)",상장예정,2026-05-06 00:06:22
01203312,케이뱅크,279570,20260129000644,20260129,[기재정정]증권신고서(지분증권),KOSPI,20260220,20260223,,8300,9500,,60000000,,"NH투자증권, 삼성증권, 신한투자증권",상장예정,2026-05-06 00:06:22
00330044,캠시스,050110,20260129000602,20260129,[기재정정]증권신고서(지분증권),KOSDAQ,20260408,20260409,,,,,,,유진투자증권,상장예정,2026-05-06 00:06:22
01302853,아이씨에이치,368600,20260129000406,20260129,[발행조건확정]증권신고서(지분증권),KOSDAQ,20260202,20260203,,,,,,,,상장예정,2026-05-06 00:06:22
00403766,한국첨단소재,062970,20260128000408,20260128,[발행조건확정]증권신고서(지분증권),KOSDAQ,,,,,,,,,,청약예정,2026-05-06 00:06:22
00671376,트리니티항공,091810,20260127000005,20260127,[발행조건확정]증권신고서(지분증권),KOSPI,20260316,20260317,,,,,,,,상장예정,2026-05-06 00:06:22
00330044,캠시스,050110,20260123000351,20260123,[기재정정]증권신고서(지분증권),KOSDAQ,20260408,20260409,,,,,,,유진투자증권,상장예정,2026-05-06 00:06:22
01161432,레이저옵텍,199550,20260123000332,20260123,[기재정정]증권신고서(지분증권),KOSDAQ,20260408,20260409,,,,,,,SK증권(주),상장예정,2026-05-06 00:06:22
00807397,코이즈,121850,20260122000389,20260122,[발행조건확정]증권신고서(지분증권),KOSDAQ,20260126,20260127,,,,,,,,상장예정,2026-05-06 00:06:22
01780608,메쥬,0088M0,20260120000360,20260120,증권신고서(지분증권),KOSDAQ,20260305,20260306,,16700,21600,,1345000,,"신한투자증권, 및 발행회사가 협의하여 제시한 희망공모가액인, 계약 체결",상장예정,2026-05-06 00:06:22
00545734,아미코젠,092040,20260120000337,20260120,[기재정정]증권신고서(지분증권),KOSDAQ,20260206,20260209,,,,,,,,상장예정,2026-05-06 00:06:22
00585538,에스에너지,095910,20260120000217,20260120,[발행조건확정]증권신고서(지분증권),KOSDAQ,20260304,20260305,,,,,,,,상장예정,2026-05-06 00:06:22
00441243,형지엘리트,093240,20260120000032,20260120,[발행조건확정]증권신고서(지분증권),KOSPI,20260122,20260123,,,,,,,,상장예정,2026-05-06 00:06:22
01516933,덕양에너젠,0001A0,20260119000297,20260119,[발행조건확정]증권신고서(지분증권),KOSDAQ,20260120,20260121,,8500,10000,10000,7500000,,"NH투자증권, 미래에셋증권, 및 발행회사인 ㈜덕양에너젠이 제시한 희망공모가액, 및 발행회사가 협의하여 제시한 희망공모가액, 및 발행회사가 협의하여 결정한 확정공모가액, 및 발행회사가 협의하여",상장예정,2026-05-06 00:06:22
01379563,에스팀,458350,20260119000293,20260119,증권신고서(지분증권),KOSDAQ,20260223,20260224,,7000,8500,,1800000,,"한국투자증권, 및 발행회사가 협의하여 제시한 희망공모가액, 계약 체결일, 및 인수회사의 이해관계인",상장예정,2026-05-06 00:06:22
01782183,카나프테라퓨틱스,0082N0,20260119000192,20260119,[기재정정]증권신고서(지분증권),KOSDAQ,20260219,20260220,,16000,20000,,2000000,,"한국투자증권, 및 발행회사가 협의하여 제시한 희망공모가액, 계약 체결, 및 인수회사의 이해관계인",상장예정,2026-05-06 00:06:22
01859500,아이엠바이오로직스,493280,20260119000142,20260119,증권신고서(지분증권),KOSDAQ,20260311,20260312,,19000,26000,,2000000,,"한국투자증권, 및 인수회사의 이해관계인",상장예정,2026-05-06 00:06:22
01554508,액스비스,0011A0,20260116000223,20260116,[기재정정]증권신고서(지분증권),KOSDAQ,20260223,20260224,,10100,11500,,2300000,,"미래에셋증권, 및 발행회사인 ㈜액스비스이 제시한 희망공모가액, 및 발행회사가 협의하여 제시한 희망공모가액",상장예정,2026-05-06 00:06:22
00646732,진양홀딩스,100250,20260115000137,20260115,[발행조건확정]증권신고서(지분증권),KOSPI,20260304,20260305,,,,,,,,상장예정,2026-05-06 00:06:22
01203312,케이뱅크,279570,20260113000727,20260113,증권신고서(지분증권),KOSPI,20260220,20260223,,8300,9500,,60000000,,"NH투자증권, 삼성증권, 신한투자증권",상장예정,2026-05-06 00:06:22
00330044,캠시스,050110,20260113000671,20260113,[기재정정]증권신고서(지분증권),KOSDAQ,20260408,20260409,,,,,,,유진투자증권,상장예정,2026-05-06 00:06:22
00585538,에스에너지,095910,20260112000202,20260112,[기재정정]증권신고서(지분증권),KOSDAQ,20260304,20260305,,,,,,,"및 인수회사의 실권주 매입단가는 청약자들보다, 엘에스증권(주), 한양증권(주)",상장예정,2026-05-06 00:06:22
01161432,레이저옵텍,199550,20260109000666,20260109,증권신고서(지분증권),KOSDAQ,20260408,20260409,,,,,,,SK증권(주),상장예정,2026-05-06 00:06:22
01516933,덕양에너젠,0001A0,20260109000577,20260109,[기재정정]증권신고서(지분증권),KOSDAQ,20260120,20260121,,8500,10000,,7500000,,"NH투자증권, 미래에셋증권, 및 발행회사인 ㈜덕양에너젠이 제시한 희망공모가액, 및 발행회사가 협의하여 제시한 희망공모가액",상장예정,2026-05-06 00:06:22
01685677,리센스메디컬,394420,20260109000565,20260109,증권신고서(지분증권),KOSDAQ,20260304,20260305,,9000,11000,,1400000,,"한국투자증권, KB증권, 및 발행회사가 협의하여 제시한 희망공모가액, 및 발행회사가 협의하여 제시한 희망공모가액인, 계약 체결",상장예정,2026-05-06 00:06:22
00403766,한국첨단소재,062970,20260109000374,20260109,[기재정정]증권신고서(지분증권),KOSDAQ,20241218,20241219,20250116,,,,,,및 인수회사가 인수의무비율,상장완료,2026-05-06 00:06:22
01957909,삼성스팩13호,0115H0,20260109000085,20260109,[발행조건확정]증권신고서(지분증권),KOSDAQ,20260112,20260113,,,,2000,6000000,,삼성증권㈜에게 인수대가로,상장예정,2026-05-06 00:06:22
00533191,비보존 제약,082800,20260108000504,20260108,[발행조건확정]증권신고서(지분증권),KOSDAQ,20260223,20260224,,,,,,,,상장예정,2026-05-06 00:06:22
00160375,진양폴리우레탄,010640,20260108000090,20260108,[발행조건확정]증권신고서(지분증권),KOSPI,20260316,20260317,,,,,,,,상장예정,2026-05-06 00:06:22
00113261,대한광통신,010170,20260107000442,20260107,[발행조건확정]증권신고서(지분증권),KOSDAQ,20260225,20260226,,,,,,,,상장예정,2026-05-06 00:06:22
01251489,라온피플,300120,20260107000399,20260107,[발행조건확정]증권신고서(지분증권),KOSDAQ,,,,,,,,,,청약예정,2026-05-06 00:06:22
00533191,비보존 제약,082800,20260106000525,20260106,[기재정정]증권신고서(지분증권),KOSDAQ,20260223,20260224,,,,,,,"시너지 스케일업, NH투자증권(주)",상장예정,2026-05-06 00:06:22
00545734,아미코젠,092040,20260106000433,20260106,[기재정정]증권신고서(지분증권),KOSDAQ,20260123,20260126,,,,,,,,상장예정,2026-05-06 00:06:22
01251489,라온피플,300120,20260106000369,20260106,[기재정정]증권신고서(지분증권),KOSDAQ,20260212,20260213,20260324,,,,,,"키움증권(주), 및 인수회사가 인수하는 잔여주식 인수금액에 따라, 및 인수회사가 인수하는 금액이",상장완료,2026-05-06 00:06:22
01782183,카나프테라퓨틱스,0082N0,20260105000155,20260105,증권신고서(지분증권),KOSDAQ,20260129,20260130,,16000,20000,,2000000,,"한국투자증권, 및 발행회사가 협의하여 제시한 희망공모가액, 계약 체결, 및 인수회사의 이해관계인",상장예정,2026-05-06 00:06:22
00113261,대한광통신,010170,20260105000099,20260105,[기재정정]증권신고서(지분증권),KOSDAQ,20260225,20260226,,,,,,,"및 인수회사의 실권주 매입단가는 일반청약자들보다, 케이비증권(주)",상장예정,2026-05-06 00:06:22
00585538,에스에너지,095910,20251229000685,20251229,[기재정정]증권신고서(지분증권),KOSDAQ,20260304,20260305,,,,,,,"및 인수회사의 실권주 매입단가는 청약자들보다, 엘에스증권(주), 한양증권(주)",상장예정,2026-05-06 00:06:22
00330044,캠시스,050110,20251229000567,20251229,증권신고서(지분증권),KOSDAQ,20260408,20260409,,,,,,,유진투자증권,상장예정,2026-05-06 00:06:22
00403766,한국첨단소재,062970,20251229000368,20251229,[기재정정]증권신고서(지분증권),KOSDAQ,20241218,20241219,20250116,,,,,,및 인수회사가 인수의무비율,상장완료,2026-05-06 00:06:22
00671376,트리니티항공,091810,20251226000501,20251226,[기재정정]증권신고서(지분증권),KOSPI,20260316,20260317,,,,,,,"디비증권 주식회사, 대신증권(주), 미래에셋증권(주)",상장예정,2026-05-06 00:06:22
00671376,트리니티항공,091810,20251226000467,20251226,[기재정정]증권신고서(지분증권),KOSPI,20260316,20260317,,,,,,,"디비증권 주식회사, 대신증권(주), 미래에셋증권(주)",상장예정,2026-05-06 00:06:22
00409371,인베니아,079950,20251224000432,20251224,[발행조건확정]증권신고서(지분증권),KOSDAQ,20260203,20260204,,,,,,,,상장예정,2026-05-06 00:06:22
00671376,트리니티항공,091810,20251223000876,20251223,[기재정정]증권신고서(지분증권),KOSPI,20260316,20260317,,,,,,,"디비증권 주식회사, 대신증권(주), 미래에셋증권(주)",상장예정,2026-05-06 00:06:22
01444380,에이텀,355690,20251223000710,20251223,증권신고서(지분증권),KOSDAQ,20231121,20231122,,,,,,,SK증권(주),상장예정,2026-05-06 00:06:22
01554508,액스비스,0011A0,20251223000517,20251223,증권신고서(지분증권),KOSDAQ,20260205,20260206,,10100,11500,,2300000,,"미래에셋증권, 및 발행회사인 ㈜액스비스이 제시한 희망공모가액, 및 발행회사가 협의하여 제시한 희망공모가액",상장예정,2026-05-06 00:06:22
01516933,덕양에너젠,0001A0,20251222000287,20251222,[기재정정]증권신고서(지분증권),KOSDAQ,20260120,20260121,,8500,10000,,7500000,,"NH투자증권, 미래에셋증권, 및 발행회사인 ㈜덕양에너젠이 제시한 희망공모가액, 및 발행회사가 협의하여 제시한 희망공모가액",상장예정,2026-05-06 00:06:22
00409371,인베니아,079950,20251222000268,20251222,[기재정정]증권신고서(지분증권),KOSDAQ,20260203,20260204,,,,,,,,상장예정,2026-05-06 00:06:22
01302853,아이씨에이치,368600,20251222000168,20251222,[발행조건확정]증권신고서(지분증권),KOSDAQ,20260202,20260203,,,,,,,,상장예정,2026-05-06 00:06:22
00533191,비보존 제약,082800,20251219000482,20251219,[기재정정]증권신고서(지분증권),KOSDAQ,20260223,20260224,,,,,,,"시너지 스케일업, NH투자증권(주)",상장예정,2026-05-06 00:06:22
00545734,아미코젠,092040,20251219000464,20251219,증권신고서(지분증권),KOSDAQ,20260123,20260126,,,,,,,,상장예정,2026-05-06 00:06:22
01251489,라온피플,300120,20251219000399,20251219,[기재정정]증권신고서(지분증권),KOSDAQ,20260212,20260213,20260324,,,,,,"키움증권(주), 및 인수회사가 인수하는 잔여주식 인수금액에 따라, 및 인수회사가 인수하는 금액이",상장완료,2026-05-06 00:06:22
00646732,진양홀딩스,100250,20251219000305,20251219,[기재정정]증권신고서(지분증권),KOSPI,20260304,20260305,,,,,,,신한투자증권,상장예정,2026-05-06 00:06:22
00113261,대한광통신,010170,20251219000164,20251219,[기재정정]증권신고서(지분증권),KOSDAQ,20260225,20260226,,,,,,,"및 인수회사의 실권주 매입단가는 일반청약자들보다, 케이비증권(주)",상장예정,2026-05-06 00:06:22
00104069,케이디비생명보험,,20251218000388,20251218,[기재정정]증권신고서(지분증권),기타,,,,,,,,,,청약예정,2026-05-06 00:06:22
00807397,코이즈,121850,20251217000487,20251217,[발행조건확정]증권신고서(지분증권),KOSDAQ,20260126,20260127,,,,,,,,상장예정,2026-05-06 00:06:22
01627363,세미파이브,490470,20251217000146,20251217,[발행조건확정]증권신고서(지분증권),KOSDAQ,20251218,20251219,,21000,24000,24000,,,"삼성증권, 유비에스증권리미티드, 및 발행회사가 협의하여, 유비에스증권리미티드서울지점",상장예정,2026-05-06 00:06:22
00161125,한온시스템,018880,20251217000059,20251217,[발행조건확정]증권신고서(지분증권),KOSPI,20251219,20251222,,,,,,,,상장예정,2026-05-06 00:06:22
01627363,세미파이브,490470,20251217000015,20251217,[기재정정]증권신고서(지분증권),KOSDAQ,20251218,20251219,,21000,24000,,100,,"계약 체결, 삼성증권, 유비에스증권리미티드, 유비에스증권리미티드서울지점, 유비에스증권 리미티드",상장예정,2026-05-06 00:06:22
01284751,시지트로닉스,429270,20251216000222,20251216,[발행조건확정]증권신고서(지분증권),KOSDAQ,,,,,,,,,,청약예정,2026-05-06 00:06:22
01368637,유일에너테크,340930,20251216000133,20251216,[발행조건확정]증권신고서(지분증권),KOSDAQ,20251218,20251219,,,,,,,,상장예정,2026-05-06 00:06:22
01302853,아이씨에이치,368600,20251216000021,20251216,[기재정정]증권신고서(지분증권),KOSDAQ,20220719,20220720,,,,,,,SK증권(주),상장예정,2026-05-06 00:06:22
00441243,형지엘리트,093240,20251215000298,20251215,[발행조건확정]증권신고서(지분증권),KOSPI,20260122,20260123,,,,,,,,상장예정,2026-05-06 00:06:22
00403766,한국첨단소재,062970,20251212000554,20251212,증권신고서(지분증권),KOSDAQ,20260311,20260312,20260414,,,,,,및 인수회사가 인수의무비율,상장완료,2026-05-06 00:06:22
01385005,리브스메드,491000,20251212000518,20251212,[발행조건확정]증권신고서(지분증권),KOSDAQ,20251215,20251216,,44000,55000,55000,,,"삼성증권, 미래에셋증권, 및 발행회사가 협의하여",상장예정,2026-05-06 00:06:22
00409371,인베니아,079950,20251212000402,20251212,[기재정정]증권신고서(지분증권),KOSDAQ,20260203,20260204,,,,,,,,상장예정,2026-05-06 00:06:22
00160375,진양폴리우레탄,010640,20251212000286,20251212,[기재정정]증권신고서(지분증권),KOSPI,20260316,20260317,,,,,,,신한투자증권(주),상장예정,2026-05-06 00:06:22
00585538,에스에너지,095910,20251212000249,20251212,[기재정정]증권신고서(지분증권),KOSDAQ,20260209,20260210,,,,,,,"및 인수회사의 실권주 매입단가는 청약자들보다, 엘에스증권(주), 한양증권(주)",상장예정,2026-05-06 00:06:22
00671376,트리니티항공,091810,20251211000453,20251211,증권신고서(지분증권),KOSPI,20260316,20260317,,,,,,,"디비증권 주식회사, 대신증권(주), 미래에셋증권(주)",상장예정,2026-05-06 00:06:22
01573381,레이저쎌,412350,20251211000376,20251211,[발행조건확정]증권신고서(지분증권),KOSDAQ,20251215,20251216,,,,,,,,상장예정,2026-05-06 00:06:22
01949469,미래에셋비전스팩10호,0097F0,20251211000320,20251211,[발행조건확정]증권신고서(지분증권),KOSDAQ,20251212,20251215,,,,2000,6000000,,미래에셋증권,상장예정,2026-05-06 00:06:22
01627363,세미파이브,490470,20251211000282,20251211,[기재정정]증권신고서(지분증권),KOSDAQ,20251218,20251219,,21000,24000,,100,,"계약 체결, 삼성증권, 유비에스증권리미티드, 유비에스증권리미티드서울지점, 유비에스증권 리미티드",상장예정,2026-05-06 00:06:22
01516890,E8,418620,20251211000099,20251211,[발행조건확정]증권신고서(지분증권),KOSDAQ,20251215,20251216,,,,,,,,상장예정,2026-05-06 00:06:22
01370322,삼진식품,0013V0,20251210000477,20251210,[발행조건확정]증권신고서(지분증권),KOSDAQ,20251211,20251212,,6700,7600,7600,2000000,,"대신증권, 및 발행회사가 협의하여 제시한 희망공모가액, 및 발행회사가 협의하여 결정한 확정공모가액인, 및 발행회사가 협의하여, 및 발행회사가 협의하여 결정한 확정공모가액",상장예정,2026-05-06 00:06:22
01344336,신테카바이오,226330,20251209000405,20251209,[발행조건확정]증권신고서(지분증권),KOSDAQ,20251211,20251212,,,,,,,,상장예정,2026-05-06 00:06:22
01948220,미래에셋비전스팩11호,0099W0,20251209000369,20251209,[발행조건확정]증권신고서(지분증권),KOSDAQ,20251210,20251211,,,,2000,6000000,,미래에셋증권,상장예정,2026-05-06 00:06:22
01949195,하나36호스팩,0101C0,20251209000219,20251209,[발행조건확정]증권신고서(지분증권),KOSDAQ,20251211,20251212,,,,2000,7000000,,하나증권㈜에게 인수대가로,상장예정,2026-05-06 00:06:22
01957909,삼성스팩13호,0115H0,20251208000419,20251208,[기재정정]증권신고서(지분증권),KOSDAQ,20260112,20260113,,,,,6000000,,"삼성증권, 삼성증권㈜에게 인수대가로",상장예정,2026-05-06 00:06:22
01513699,포바이포,389140,20251208000202,20251208,[발행조건확정]증권신고서(지분증권),KOSDAQ,20251215,20251216,,,,,,,,상장예정,2026-05-06 00:06:22
01949584,IBKS제25호스팩,0099X0,20251208000109,20251208,[발행조건확정]증권신고서(지분증권),KOSDAQ,20251209,20251210,,,,2000,5000000,,아이비케이투자증권㈜에게 인수대가로,상장예정,2026-05-06 00:06:22
00113261,대한광통신,010170,20251205000563,20251205,증권신고서(지분증권),KOSDAQ,20260225,20260226,,,,,,,"및 인수회사의 실권주 매입단가는 일반청약자들보다, 케이비증권(주)",상장예정,2026-05-06 00:06:22
01787355,나라스페이스테크놀로지,478340,20251205000544,20251205,[발행조건확정]증권신고서(지분증권),KOSDAQ,20251208,20251209,,13100,16500,16500,,,"삼성증권, 및 발행회사가 협의하여, 및 발행회사가 합의하여 확정공모가액은",상장예정,2026-05-06 00:06:22
00533191,비보존 제약,082800,20251205000529,20251205,[기재정정]증권신고서(지분증권),KOSDAQ,20260204,20260205,,,,,,,"시너지 스케일업, NH투자증권(주)",상장예정,2026-05-06 00:06:22
01251489,라온피플,300120,20251205000490,20251205,[기재정정]증권신고서(지분증권),KOSDAQ,20260202,20260203,20260311,,,,,,"및 인수회사의 실권주 매입단가는 일반청약자들보다, 및 인수회사가 인수하는 잔여주식 인수금액에 따라, 및 인수회사가 인수하는 금액이, 키움증권(주)",상장완료,2026-05-06 00:06:22
01385005,리브스메드,491000,20251205000447,20251205,[기재정정]증권신고서(지분증권),KOSDAQ,20251215,20251216,,44000,55000,,,,"삼성증권, 미래에셋증권",상장예정,2026-05-06 00:06:22
00646732,진양홀딩스,100250,20251205000435,20251205,증권신고서(지분증권),KOSPI,20260304,20260305,,,,,,,신한투자증권,상장예정,2026-05-06 00:06:22
01302853,아이씨에이치,368600,20251205000403,20251205,[기재정정]증권신고서(지분증권),KOSDAQ,20220719,20220720,,,,,,,SK증권(주),상장예정,2026-05-06 00:06:22
01596920,알지노믹스,476830,20251205000229,20251205,[발행조건확정]증권신고서(지분증권),KOSDAQ,20251209,20251210,,17000,22500,22500,2060000,,"삼성증권, NH투자증권, 및 발행회사가 협의하여",상장예정,2026-05-06 00:06:22
00409371,인베니아,079950,20251204000492,20251204,[기재정정]증권신고서(지분증권),KOSDAQ,20260127,20260128,,,,,,,,상장예정,2026-05-06 00:06:22
00807397,코이즈,121850,20251204000311,20251204,[기재정정]증권신고서(지분증권),KOSDAQ,20260107,20260108,,,,,,,,상장예정,2026-05-06 00:06:22
01344831,딥노이드,315640,20251204000260,20251204,[발행조건확정]증권신고서(지분증권),KOSDAQ,20251208,20251209,,,,,,,,상장예정,2026-05-06 00:06:22
01949469,미래에셋비전스팩10호,0097F0,20251204000174,20251204,[기재정정]증권신고서(지분증권),KOSDAQ,20251212,20251215,,,,,6000000,,미래에셋증권,상장예정,2026-05-06 00:06:22
01829819,아크릴,0007C0,20251203000194,20251203,[발행조건확정]증권신고서(지분증권),KOSDAQ,20251204,20251205,,17500,19500,19500,1800000,,"신한투자증권, 및 발행회사가 협의하여 제시한 희망공모가액인, 및 발행회사가 협의하여 결정한 확정공모가액인, 및 발행회사가 협의하여 결정한 확정공모가액",상장예정,2026-05-06 00:06:22
01958111,메리츠제1호스팩,0088D0,20251202000410,20251202,[발행조건확정]증권신고서(지분증권),KOSDAQ,20251204,20251205,,,,2000,5500000,,"의무인수 주식수, 메리츠㈜에게 인수대가로",상장예정,2026-05-06 00:06:22
00949161,티엠씨,217590,20251202000348,20251202,[발행조건확정]증권신고서(지분증권),KOSPI,20251203,20251204,,8000,9300,9300,,,"미래에셋증권, 및 발행회사가 협의하여, 및 발행회사가 협의하여 확정공모가액을",상장예정,2026-05-06 00:06:22
00683283,LS전선,,20251202000174,20251202,[기재정정]증권신고서(지분증권),기타,,,20240620,,,,,,,상장완료,2026-05-06 00:06:22
00858124,알에스오토메이션,140670,20251202000101,20251202,[발행조건확정]증권신고서(지분증권),KOSDAQ,20251209,20251210,,,,,,,,상장예정,2026-05-06 00:06:22
01494118,노을,376930,20251202000085,20251202,[발행조건확정]증권신고서(지분증권),KOSDAQ,,,,,,,,,,청약예정,2026-05-06 00:06:22
01516933,덕양에너젠,0001A0,20251201000570,20251201,증권신고서(지분증권),KOSDAQ,20260120,20260121,,8500,10000,,7500000,,"NH투자증권, 미래에셋증권, 및 발행회사인 ㈜덕양에너젠이 제시한 희망공모가액, 및 발행회사가 협의하여 제시한 희망공모가액",상장예정,2026-05-06 00:06:22
00858124,알에스오토메이션,140670,20251201000556,20251201,[기재정정]증권신고서(지분증권),KOSDAQ,20251209,20251210,,,,,,,삼성증권(주),상장예정,2026-05-06 00:06:22
01671285,쿼드메디슨,464490,20251201000475,20251201,[발행조건확정]증권신고서(지분증권),KOSDAQ,20251202,20251203,,12000,15000,15000,1700000,,NH투자증권,상장예정,2026-05-06 00:06:22
01954832,유진스팩12호,0105P0,20251201000451,20251201,[발행조건확정]증권신고서(지분증권),KOSDAQ,20251202,20251203,,,,2000,5000000,,"유진투자증권, 의무인수 주식수, 의무인수분, 유진투자증권㈜에게 인수대가로",상장예정,2026-05-06 00:06:22
00117629,KBI동양철관,008970,20251201000444,20251201,[발행조건확정]증권신고서(지분증권),KOSPI,20251203,20251204,,,,,,,,상장예정,2026-05-06 00:06:22
01211889,이지스,261520,20251201000405,20251201,[발행조건확정]증권신고서(지분증권),KOSDAQ,20251202,20251203,,13000,15000,15000,1500000,,NH투자증권,상장예정,2026-05-06 00:06:22
01515864,넥스트칩,396270,20251201000399,20251201,[발행조건확정]증권신고서(지분증권),KOSDAQ,20251203,20251204,,,,,,,,상장예정,2026-05-06 00:06:22
01949140,교보19호스팩,0098T0,20251201000391,20251201,[발행조건확정]증권신고서(지분증권),KOSDAQ,20251202,20251203,,,,2000,5000000,,교보증권(주),상장예정,2026-05-06 00:06:22
01784677,키움히어로제1호스팩,466690,20251128002136,20251128,[발행조건확정]증권신고서(지분증권),KOSDAQ,20251201,20251202,,,,2000,4500000,,키움증권㈜에게 인수대가로,상장예정,2026-05-06 00:06:22
01817920,페스카로,0015S0,20251128001952,20251128,[발행조건확정]증권신고서(지분증권),KOSDAQ,20251201,20251202,,12500,15500,15500,,,"NH투자증권, 및 공동주관회사와 발행회사가 협의하여, 및 공동주관회사가 합의하여, 및 공동주관회사가 협의하여 결정한 확정공모가액인",상장예정,2026-05-06 00:06:22
00104069,케이디비생명보험,,20251128001948,20251128,[기재정정]증권신고서(지분증권),기타,,,,,,,,,,청약예정,2026-05-06 00:06:22
00441243,형지엘리트,093240,20251128001916,20251128,[기재정정]증권신고서(지분증권),KOSPI,20260122,20260123,,,,,,,한국투자증권(주),상장예정,2026-05-06 00:06:22
00585538,에스에너지,095910,20251128001844,20251128,증권신고서(지분증권),KOSDAQ,20260209,20260210,,,,,,,"및 인수회사의 실권주 매입단가는 청약자들보다, 엘에스증권(주), 한양증권(주)",상장예정,2026-05-06 00:06:22
00160375,진양폴리우레탄,010640,20251128001691,20251128,증권신고서(지분증권),KOSPI,20260316,20260317,,,,,,,신한투자증권(주),상장예정,2026-05-06 00:06:22
01948220,미래에셋비전스팩11호,0099W0,20251128001665,20251128,[기재정정]증권신고서(지분증권),KOSDAQ,20251210,20251211,,,,,6000000,,미래에셋증권,상장예정,2026-05-06 00:06:22
01344831,딥노이드,315640,20251128001250,20251128,[기재정정]증권신고서(지분증권),KOSDAQ,20251208,20251209,,,,,,,한국투자증권(주),상장예정,2026-05-06 00:06:22
00945457,아이진,185490,20251127001355,20251127,[발행조건확정]증권신고서(지분증권),KOSDAQ,,,,,,,,,,청약예정,2026-05-06 00:06:22
00117629,KBI동양철관,008970,20251127000964,20251127,[기재정정]증권신고서(지분증권),KOSPI,20251203,20251204,,,,,,,,상장예정,2026-05-06 00:06:22
01949584,IBKS제25호스팩,0099X0,20251127000461,20251127,[기재정정]증권신고서(지분증권),KOSDAQ,20251209,20251210,,,,,5000000,,"계약 기업실사 사전회의, 종합의견 작성 및 검토, 아이비케이투자증권㈜에게 인수대가로",상장예정,2026-05-06 00:06:22
01949195,하나36호스팩,0101C0,20251126000457,20251126,[기재정정]증권신고서(지분증권),KOSDAQ,20251211,20251212,,,,,7000000,,"하나증권, 하나증권㈜에게 인수대가로",상장예정,2026-05-06 00:06:22
01776410,파워큐브세미,,20251126000139,20251126,[기재정정]증권신고서(지분증권),기타,,,,,,,,,,청약예정,2026-05-06 00:06:22
00683283,LS전선,,20251125000454,20251125,[기재정정]증권신고서(지분증권),기타,,,20240620,,,,,,,상장완료,2026-05-06 00:06:22
00807397,코이즈,121850,20251125000326,20251125,[기재정정]증권신고서(지분증권),KOSDAQ,20260107,20260108,,,,,,,,상장예정,2026-05-06 00:06:22
00533191,비보존 제약,082800,20251124000335,20251124,[기재정정]증권신고서(지분증권),KOSDAQ,20260128,20260129,,,,,,,"시너지 스케일업, NH투자증권(주)",상장예정,2026-05-06 00:06:22
01385005,리브스메드,491000,20251124000327,20251124,[기재정정]증권신고서(지분증권),KOSDAQ,20251215,20251216,,44000,55000,,,,"삼성증권, 미래에셋증권",상장예정,2026-05-06 00:06:22
01954832,유진스팩12호,0105P0,20251124000309,20251124,[기재정정]증권신고서(지분증권),KOSDAQ,20251202,20251203,,,,,5000000,,"유진투자증권, 종합의견 작성 및 검토, 유진투자증권㈜에게 인수대가로",상장예정,2026-05-06 00:06:22
01627363,세미파이브,490470,20251124000156,20251124,[기재정정]증권신고서(지분증권),KOSDAQ,20251218,20251219,,21000,24000,,100,,"삼성증권, 유비에스증권리미티드, 계약 체결, 유비에스증권리미티드서울지점, 유비에스증권 리미티드",상장예정,2026-05-06 00:06:22
00111218,KD,044180,20251121000500,20251121,[기재정정]증권신고서(지분증권),KOSDAQ,20260112,20260113,,,,,,,,상장예정,2026-05-06 00:06:22
01302853,아이씨에이치,368600,20251121000494,20251121,증권신고서(지분증권),KOSDAQ,20220719,20220720,,,,,,,SK증권(주),상장예정,2026-05-06 00:06:22
01251489,라온피플,300120,20251121000467,20251121,증권신고서(지분증권),KOSDAQ,20260129,20260130,20260304,,,,,,"및 인수회사의 실권주 매입단가는 일반청약자들보다, 키움증권(주), 및 인수회사가 인수하는 잔여주식 인수금액에 따라, 및 인수회사가 인수하는 금액이",상장완료,2026-05-06 00:06:22
01513699,포바이포,389140,20251121000444,20251121,[기재정정]증권신고서(지분증권),KOSDAQ,20251215,20251216,,,,,,,케이비증권,상장예정,2026-05-06 00:06:22
01829819,아크릴,0007C0,20251121000355,20251121,[기재정정]증권신고서(지분증권),KOSDAQ,20251204,20251205,,17500,19500,,1800000,,"계약 체결, 신한투자증권, 및 발행회사가 협의하여 제시한 희망공모가액인",상장예정,2026-05-06 00:06:22
01931585,엔에이치스팩32호,0054V0,20251121000112,20251121,[발행조건확정]증권신고서(지분증권),KOSDAQ,,,,,,,5150000,,"의무인수 주식수, 의무인수, NH투자증권㈜에게 인수대가로",청약예정,2026-05-06 00:06:22
01949140,교보19호스팩,0098T0,20251121000098,20251121,[기재정정]증권신고서(지분증권),KOSDAQ,20251202,20251203,,,,,5000000,,교보증권(주),상장예정,2026-05-06 00:06:22
01781999,에임드바이오,0009K0,20251120000438,20251120,[발행조건확정]증권신고서(지분증권),KOSDAQ,20251121,20251124,,9000,11000,11000,,,"미래에셋증권, 및 발행회사가 협의하여",상장예정,2026-05-06 00:06:22
01784677,키움히어로제1호스팩,466690,20251120000320,20251120,[기재정정]증권신고서(지분증권),KOSDAQ,20251201,20251202,,,,,4500000,,"키움증권, 계약 체결, 키움증권㈜에게 인수대가로",상장예정,2026-05-06 00:06:22
01784677,키움히어로제1호스팩,466690,20251119000188,20251119,[기재정정]증권신고서(지분증권),KOSDAQ,20251201,20251202,,,,,4500000,,"키움증권, 계약 체결, 키움증권㈜에게 인수대가로",상장예정,2026-05-06 00:06:22
01344831,딥노이드,315640,20251119000081,20251119,[기재정정]증권신고서(지분증권),KOSDAQ,20251208,20251209,,,,,,,한국투자증권(주),상장예정,2026-05-06 00:06:22
01344336,신테카바이오,226330,20251118000359,20251118,[기재정정]증권신고서(지분증권),KOSDAQ,20251211,20251212,,,,,,,"및 인수회사의 실권주 매입단가는 일반청약자들보다, 및 인수회사가 인수의무비율, 및 인수회사는 신주상장",상장예정,2026-05-06 00:06:22
01957909,삼성스팩13호,0115H0,20251118000344,20251118,증권신고서(지분증권),KOSDAQ,20251215,20251216,,,,,6000000,,"삼성증권, 삼성증권㈜에게 인수대가로",상장예정,2026-05-06 00:06:22
00409371,인베니아,079950,20251118000292,20251118,[기재정정]증권신고서(지분증권),KOSDAQ,20260108,20260109,,,,,,,,상장예정,2026-05-06 00:06:22
01946596,미래에셋비전스팩9호,0096D0,20251118000251,20251118,[발행조건확정]증권신고서(지분증권),KOSDAQ,20251119,20251120,,,,2000,5000000,,미래에셋증권,상장예정,2026-05-06 00:06:22
01385005,리브스메드,491000,20251118000230,20251118,[첨부정정]증권신고서(지분증권),KOSDAQ,,,,,,,,,,청약예정,2026-05-06 00:06:22
01385005,리브스메드,491000,20251118000200,20251118,[기재정정]증권신고서(지분증권),KOSDAQ,20251215,20251216,,44000,55000,,,,"삼성증권, 미래에셋증권",상장예정,2026-05-06 00:06:22
00104069,케이디비생명보험,,20251118000168,20251118,증권신고서(지분증권),기타,,,,,,,,,,청약예정,2026-05-06 00:06:22
00977377,에이비온,203400,20251118000098,20251118,[발행조건확정]증권신고서(지분증권),KOSDAQ,,,,,,,,,,청약예정,2026-05-06 00:06:22
01958111,메리츠제1호스팩,0088D0,20251118000041,20251118,[기재정정]증권신고서(지분증권),KOSDAQ,20251204,20251205,,,,,5500000,,"메리츠증권, 메리츠㈜에게 인수대가로",상장예정,2026-05-06 00:06:22
01370322,삼진식품,0013V0,20251117000243,20251117,[첨부정정]증권신고서(지분증권),KOSDAQ,,,,,,,,,,청약예정,2026-05-06 00:06:22
01513699,포바이포,389140,20251117000239,20251117,[기재정정]증권신고서(지분증권),KOSDAQ,20251215,20251216,,,,,,,케이비증권,상장예정,2026-05-06 00:06:22
01370322,삼진식품,0013V0,20251117000209,20251117,[기재정정]증권신고서(지분증권),KOSDAQ,20251211,20251212,,6700,7600,,2000000,,"대신증권, 및 발행회사가 협의하여 제시한 희망공모가액",상장예정,2026-05-06 00:06:22
01671285,쿼드메디슨,464490,20251117000189,20251117,[기재정정]증권신고서(지분증권),KOSDAQ,20251202,20251203,,12000,15000,,1700000,,"NH투자증권, 계약 체결",상장예정,2026-05-06 00:06:22
00161125,한온시스템,018880,20251117000155,20251117,[기재정정]증권신고서(지분증권),KOSPI,20251219,20251222,,,,,,,NH투자증권(주),상장예정,2026-05-06 00:06:22
01368637,유일에너테크,340930,20251117000146,20251117,[기재정정]증권신고서(지분증권),KOSDAQ,20251218,20251219,,,,,,,"엘에스증권(주), 한양증권(주)",상장예정,2026-05-06 00:06:22
00683283,LS전선,,20251117000125,20251117,[기재정정]증권신고서(지분증권),기타,,,20240620,,,,,,,상장완료,2026-05-06 00:06:22
01781999,에임드바이오,0009K0,20251117000094,20251117,[기재정정]증권신고서(지분증권),KOSDAQ,20251121,20251124,,9000,11000,,,,"미래에셋증권, 계약 체결",상장예정,2026-05-06 00:06:22
01516890,E8,418620,20251117000086,20251117,[기재정정]증권신고서(지분증권),KOSDAQ,20251215,20251216,,,,,,,"및 인수회사의 실권주 매입단가는 청약자들보다, 엘에스증권(주), 한양증권(주)",상장예정,2026-05-06 00:06:22
00858124,알에스오토메이션,140670,20251117000073,20251117,[기재정정]증권신고서(지분증권),KOSDAQ,20251209,20251210,,,,,,,삼성증권(주),상장예정,2026-05-06 00:06:22
01381805,아로마티카,0015N0,20251117000056,20251117,[발행조건확정]증권신고서(지분증권),KOSDAQ,20251118,20251119,,6000,8000,8000,3000000,,"신한투자증권, 및 발행회사가 협의하여 제시한 희망공모가액인, 및 발행회사가 협의하여 결정한 확정공모가액인, 및 발행회사가 협의하여 결정한 확정공모가액",상장예정,2026-05-06 00:06:22
01946532,삼성스팩12호,0096B0,20251117000033,20251117,[발행조건확정]증권신고서(지분증권),KOSDAQ,20251119,20251120,,,,2000,6000000,,삼성증권㈜에게 인수대가로,상장예정,2026-05-06 00:06:22
01949469,미래에셋비전스팩10호,0097F0,20251114003063,20251114,증권신고서(지분증권),KOSDAQ,20251212,20251215,,,,,6000000,,미래에셋증권,상장예정,2026-05-06 00:06:22
01494118,노을,376930,20251114003060,20251114,[기재정정]증권신고서(지분증권),KOSDAQ,20251204,20251205,,,,,,,한국투자증권(주),상장예정,2026-05-06 00:06:22
00441243,형지엘리트,093240,20251114003052,20251114,[기재정정]증권신고서(지분증권),KOSPI,20260122,20260123,,,,,,,한국투자증권(주),상장예정,2026-05-06 00:06:22
01947072,미래에셋비전스팩8호,0093G0,20251114003049,20251114,[발행조건확정]증권신고서(지분증권),KOSDAQ,20251117,20251118,,,,2000,6000000,,"미래에셋증권, 의무인수 주식수",상장예정,2026-05-06 00:06:22
01573381,레이저쎌,412350,20251114003022,20251114,[기재정정]증권신고서(지분증권),KOSDAQ,20251215,20251216,,,,,,,한양증권(주),상장예정,2026-05-06 00:06:22
00807397,코이즈,121850,20251114002336,20251114,[기재정정]증권신고서(지분증권),KOSDAQ,20260107,20260108,,,,,,,,상장예정,2026-05-06 00:06:22
01596920,알지노믹스,476830,20251114001210,20251114,[첨부정정]증권신고서(지분증권),KOSDAQ,,,,,,,,,,청약예정,2026-05-06 00:06:22
01596920,알지노믹스,476830,20251114001150,20251114,[기재정정]증권신고서(지분증권),KOSDAQ,20251209,20251210,,17000,22500,,2060000,,"삼성증권, NH투자증권",상장예정,2026-05-06 00:06:22
00117629,KBI동양철관,008970,20251113000843,20251113,[기재정정]증권신고서(지분증권),KOSPI,20251203,20251204,,,,,,,,상장예정,2026-05-06 00:06:22
01776410,파워큐브세미,,20251113000754,20251113,[기재정정]증권신고서(지분증권),기타,,,,,,,,,,청약예정,2026-05-06 00:06:22
01284751,시지트로닉스,429270,20251113000710,20251113,[기재정정]증권신고서(지분증권),KOSDAQ,20251218,20251219,,,,,,,,상장예정,2026-05-06 00:06:22
01284751,시지트로닉스,429270,20251113000637,20251113,[발행조건확정]증권신고서(지분증권),KOSDAQ,20251218,20251219,,,,,,,,상장예정,2026-05-06 00:06:22
01211889,이지스,261520,20251113000500,20251113,[기재정정]증권신고서(지분증권),KOSDAQ,20251202,20251203,,13000,15000,,1500000,,"계약 체결, NH투자증권",상장예정,2026-05-06 00:06:22
01949584,IBKS제25호스팩,0099X0,20251113000468,20251113,증권신고서(지분증권),KOSDAQ,20251209,20251210,,,,,5000000,,"계약 기업실사 사전회의, 종합의견 작성 및 검토, 아이비케이투자증권㈜에게 인수대가로",상장예정,2026-05-06 00:06:22
00945457,아이진,185490,20251112000574,20251112,[기재정정]증권신고서(지분증권),KOSDAQ,20251201,20251202,,,,,,,"한양증권(주), 한양증권 주식회사, 및 인수회사의 실권주 매입단가는 일반청약자들보다, 엘에스증권 주식회사",상장예정,2026-05-06 00:06:22
01945339,신영스팩11호,0091W0,20251112000356,20251112,[발행조건확정]증권신고서(지분증권),KOSDAQ,20251113,20251114,,,,2000,5800000,,신영증권,상장예정,2026-05-06 00:06:22
00161125,한온시스템,018880,20251112000065,20251112,[발행조건확정]증권신고서(지분증권),KOSPI,20251219,20251222,,,,,,,,상장예정,2026-05-06 00:06:22
01596920,알지노믹스,476830,20251111000386,20251111,[기재정정]증권신고서(지분증권),KOSDAQ,20251209,20251210,,17000,22500,,2060000,,"삼성증권, NH투자증권",상장예정,2026-05-06 00:06:22
01948220,미래에셋비전스팩11호,0099W0,20251111000346,20251111,증권신고서(지분증권),KOSDAQ,20251210,20251211,,,,,6000000,,미래에셋증권,상장예정,2026-05-06 00:06:22
01515864,넥스트칩,396270,20251111000331,20251111,[기재정정]증권신고서(지분증권),KOSDAQ,20251203,20251204,,,,,,,"NH투자증권 모집주식수(최초), 및 인수회사의 실권주 매입단가는 청약자들보다, 엘에스증권 주식회사, 엘에스증권(주), 한양증권 주식회사",상장예정,2026-05-06 00:06:22
01946596,미래에셋비전스팩9호,0096D0,20251111000211,20251111,[기재정정]증권신고서(지분증권),KOSDAQ,20251119,20251120,,,,,5000000,,미래에셋증권,상장예정,2026-05-06 00:06:22
01368637,유일에너테크,340930,20251111000092,20251111,[발행조건확정]증권신고서(지분증권),KOSDAQ,20251218,20251219,,,,,,,,상장예정,2026-05-06 00:06:22
00533191,비보존 제약,082800,20251110000342,20251110,[기재정정]증권신고서(지분증권),KOSDAQ,20260105,20260106,,,,,,,"시너지 스케일업, NH투자증권(주)",상장예정,2026-05-06 00:06:22
01781999,에임드바이오,0009K0,20251110000315,20251110,[기재정정]증권신고서(지분증권),KOSDAQ,20251121,20251124,,9000,11000,,,,"미래에셋증권, 계약 체결",상장예정,2026-05-06 00:06:22
01949195,하나36호스팩,0101C0,20251110000283,20251110,[첨부정정]증권신고서(지분증권),KOSDAQ,,,,,,,,,,청약예정,2026-05-06 00:06:22
01194607,비츠로넥스텍,488900,20251110000233,20251110,[발행조건확정]증권신고서(지분증권),KOSDAQ,20251111,20251112,,5900,6900,6900,4400000,,"NH투자증권, 및 발행회사가 협의하여 확정공모가액을, 교보증권",상장예정,2026-05-06 00:06:22
01787355,나라스페이스테크놀로지,478340,20251110000199,20251110,[기재정정]증권신고서(지분증권),KOSDAQ,20251208,20251209,,13100,16500,,,,삼성증권,상장예정,2026-05-06 00:06:22
01931585,엔에이치스팩32호,0054V0,20251110000192,20251110,[기재정정]증권신고서(지분증권),KOSDAQ,20251124,20251125,,,,,5150000,,"NH투자증권, NH투자증권㈜에게 인수대가로",상장예정,2026-05-06 00:06:22
01933981,비엔케이제3호스팩,0068Y0,20251110000136,20251110,[발행조건확정]증권신고서(지분증권),KOSDAQ,20251111,20251112,,,,2000,4000000,,,상장예정,2026-05-06 00:06:22
01492217,엑셀세라퓨틱스,373110,20251110000113,20251110,[발행조건확정]증권신고서(지분증권),KOSDAQ,20251117,20251118,,,,,,,,상장예정,2026-05-06 00:06:22
01949195,하나36호스팩,0101C0,20251107000563,20251107,증권신고서(지분증권),KOSDAQ,20251211,20251212,,,,,7000000,,"하나증권, 하나증권㈜에게 인수대가로",상장예정,2026-05-06 00:06:22
01627363,세미파이브,490470,20251107000522,20251107,[기재정정]증권신고서(지분증권),KOSDAQ,20251205,20251208,,21000,24000,,100,,"삼성증권, 유비에스증권리미티드, 유비에스증권리미티드서울지점, 유비에스증권 리미티드, 계약 체결",상장예정,2026-05-06 00:06:22
00409371,인베니아,079950,20251107000501,20251107,증권신고서(지분증권),KOSDAQ,20260108,20260109,,,,,,,,상장예정,2026-05-06 00:06:22
01573381,레이저쎌,412350,20251107000490,20251107,[발행조건확정]증권신고서(지분증권),KOSDAQ,,,,,,,,,,청약예정,2026-05-06 00:06:22
01529982,씨엠티엑스,388210,20251107000432,20251107,[발행조건확정]증권신고서(지분증권),KOSDAQ,20251110,20251111,,51000,60500,60500,1000000,,"미래에셋증권, 및 발행회사가 협의하여",상장예정,2026-05-06 00:06:22
01627363,세미파이브,490470,20251107000391,20251107,[기재정정]증권신고서(지분증권),KOSDAQ,20251205,20251208,,21000,24000,,100,,"삼성증권, 유비에스증권리미티드, 유비에스증권리미티드서울지점, 유비에스증권 리미티드, 계약 체결",상장예정,2026-05-06 00:06:22
00949161,티엠씨,217590,20251107000292,20251107,[기재정정]증권신고서(지분증권),KOSPI,20251203,20251204,,8000,9300,,,,"미래에셋증권, 계약 체결",상장예정,2026-05-06 00:06:22
01829819,아크릴,0007C0,20251107000251,20251107,[기재정정]증권신고서(지분증권),KOSDAQ,20251204,20251205,,17500,19500,,1800000,,"신한투자증권, 계약 체결, 및 발행회사가 협의하여 제시한 희망공모가액인",상장예정,2026-05-06 00:06:22
01946532,삼성스팩12호,0096B0,20251107000178,20251107,[기재정정]증권신고서(지분증권),KOSDAQ,20251119,20251120,,,,,6000000,,"삼성증권, 삼성증권㈜에게 인수대가로",상장예정,2026-05-06 00:06:22
01671285,쿼드메디슨,464490,20251106000439,20251106,[첨부정정]증권신고서(지분증권),KOSDAQ,,,,,,,,,,청약예정,2026-05-06 00:06:22
01671285,쿼드메디슨,464490,20251106000413,20251106,[기재정정]증권신고서(지분증권),KOSDAQ,20251202,20251203,,12000,15000,,1700000,,"NH투자증권, 계약 체결",상장예정,2026-05-06 00:06:22
01945339,신영스팩11호,0091W0,20251106000403,20251106,[기재정정]증권신고서(지분증권),KOSDAQ,20251113,20251114,,,,,5800000,,신영증권,상장예정,2026-05-06 00:06:22
01947072,미래에셋비전스팩8호,0093G0,20251106000189,20251106,[기재정정]증권신고서(지분증권),KOSDAQ,20251117,20251118,,,,,6000000,,미래에셋증권,상장예정,2026-05-06 00:06:22
01516890,E8,418620,20251106000124,20251106,[발행조건확정]증권신고서(지분증권),KOSDAQ,20251215,20251216,,,,,,,,상장예정,2026-05-06 00:06:22
01700587,이노스페이스,462350,20251106000110,20251106,[발행조건확정]증권신고서(지분증권),KOSDAQ,20251110,20251111,,,,,,,,상장예정,2026-05-06 00:06:22
00992543,LK삼양,225190,20251106000042,20251106,[발행조건확정]증권신고서(지분증권),KOSDAQ,,,,,,,,,,청약예정,2026-05-06 00:06:22
